League,Matchdate,Hometeam,Awayteam
E3,15/10/16 15:00,Accrington,Blackpool
E3,29/10/16 15:00,Accrington,Newport
E3,19/11/16 15:00,Accrington,Stevenage
E3,26/11/16 15:00,Accrington,Yeovil
E3,17/12/16 15:00,Accrington,Plymouth
E3,02/01/17 15:00,Accrington,Hartlepool
E3,07/01/17 15:00,Accrington,Cambridge Utd
E3,21/01/17 15:00,Accrington,Carlisle
E3,04/02/17 15:00,Accrington,Notts County
E3,18/02/17 15:00,Accrington,Colchester
E3,28/02/17 19:45,Accrington,Wycombe
E3,04/03/17 15:00,Accrington,Barnet
E3,14/03/17 19:45,Accrington,Leyton Orient
E3,25/03/17 15:00,Accrington,Grimsby
E3,08/04/17 15:00,Accrington,Crewe
E3,17/04/17 15:00,Accrington,Crawley Town
E3,29/04/17 15:00,Accrington,Luton
E2,15/10/16 15:00,AFC Wimbledon,Swindon
E2,29/10/16 15:00,AFC Wimbledon,Bradford
E2,19/11/16 15:00,AFC Wimbledon,Bury
E2,26/11/16 15:00,AFC Wimbledon,Fleetwood
E2,17/12/16 15:00,AFC Wimbledon,Port Vale
E2,02/01/17 15:00,AFC Wimbledon,Millwall
E2,14/01/17 15:00,AFC Wimbledon,Oxford Utd
E2,28/01/17 15:00,AFC Wimbledon,Rochdale
E2,11/02/17 15:00,AFC Wimbledon,Charlton
E2,14/02/17 19:45,AFC Wimbledon,Coventry
E2,25/02/17 15:00,AFC Wimbledon,Walsall
E2,11/03/17 15:00,AFC Wimbledon,Northampton
E2,14/03/17 19:45,AFC Wimbledon,Milton Keynes
E2,25/03/17 15:00,AFC Wimbledon,Southend
E2,08/04/17 15:00,AFC Wimbledon,Bristol Rovers
E2,17/04/17 15:00,AFC Wimbledon,Peterborough
E2,30/04/17 12:00,AFC Wimbledon,Oldham
E0,22/10/16 15:00,Arsenal,Middlesbrough
E0,06/11/16 12:00,Arsenal,Tottenham
E0,27/11/16 14:15,Arsenal,Bournemouth
E0,10/12/16 15:00,Arsenal,Stoke
E0,26/12/16 15:00,Arsenal,West Brom
E0,31/12/16 15:00,Arsenal,Crystal Palace
E0,21/01/17 15:00,Arsenal,Burnley
E0,31/01/17 19:45,Arsenal,Watford
E0,11/02/17 15:00,Arsenal,Hull
E0,11/03/17 15:00,Arsenal,Leicester
E0,01/04/17 15:00,Arsenal,Manchester City
E0,04/04/17 19:45,Arsenal,West Ham
E0,22/04/17 15:00,Arsenal,Sunderland
E0,06/05/17 15:00,Arsenal,Manchester Utd
E0,21/05/17 15:00,Arsenal,Everton
E1,15/10/16 17:30,Aston Villa,Wolves
E1,22/10/16 15:00,Aston Villa,Fulham
E1,05/11/16 15:00,Aston Villa,Blackburn
E1,26/11/16 15:00,Aston Villa,Cardiff
E1,10/12/16 15:00,Aston Villa,Wigan
E1,26/12/16 15:00,Aston Villa,Burton
E1,29/12/16 19:45,Aston Villa,Leeds
E1,21/01/17 15:00,Aston Villa,Preston
E1,28/01/17 15:00,Aston Villa,Bristol City
E1,11/02/17 15:00,Aston Villa,Ipswich
E1,14/02/17 19:45,Aston Villa,Barnsley
E1,25/02/17 15:00,Aston Villa,Derby
E1,11/03/17 15:00,Aston Villa,Sheffield Wed
E1,01/04/17 15:00,Aston Villa,Norwich
E1,04/04/17 19:45,Aston Villa,QPR
E1,15/04/17 15:00,Aston Villa,Reading
E1,23/04/17 12:00,Aston Villa,Birmingham
E1,07/05/17 12:00,Aston Villa,Brighton
E3,15/10/16 15:00,Barnet,Exeter
E3,29/10/16 15:00,Barnet,Hartlepool
E3,19/11/16 15:00,Barnet,Crewe
E3,26/11/16 15:00,Barnet,Notts County
E3,17/12/16 15:00,Barnet,Stevenage
E3,02/01/17 15:00,Barnet,Plymouth
E3,14/01/17 15:00,Barnet,Doncaster
E3,21/01/17 15:00,Barnet,Newport
E3,04/02/17 15:00,Barnet,Mansfield
E3,18/02/17 15:00,Barnet,Portsmouth
E3,25/02/17 15:00,Barnet,Cambridge Utd
E3,11/03/17 15:00,Barnet,Crawley Town
E3,14/03/17 20:00,Barnet,Yeovil
E3,25/03/17 15:00,Barnet,Cheltenham
E3,08/04/17 15:00,Barnet,Luton
E3,17/04/17 15:00,Barnet,Wycombe
E3,29/04/17 15:00,Barnet,Grimsby
E1,15/10/16 15:00,Barnsley,Fulham
E1,18/10/16 19:45,Barnsley,Newcastle
E1,29/10/16 15:00,Barnsley,Bristol City
E1,19/11/16 15:00,Barnsley,Wigan
E1,25/11/16 19:45,Barnsley,Nottingham
E1,10/12/16 15:00,Barnsley,Norwich
E1,26/12/16 15:00,Barnsley,Blackburn
E1,31/12/16 15:00,Barnsley,Birmingham
E1,21/01/17 15:00,Barnsley,Leeds
E1,31/01/17 19:45,Barnsley,Wolves
E1,04/02/17 15:00,Barnsley,Preston
E1,18/02/17 15:00,Barnsley,Brighton
E1,25/02/17 15:00,Barnsley,Huddersfield
E1,11/03/17 15:00,Barnsley,Ipswich
E1,01/04/17 15:00,Barnsley,Sheffield Wed
E1,04/04/17 19:45,Barnsley,Cardiff
E1,17/04/17 15:00,Barnsley,Brentford
E1,29/04/17 15:00,Barnsley,Burton
E1,18/10/16 19:45,Birmingham,Rotherham
E1,30/10/16 12:00,Birmingham,Aston Villa
E1,19/11/16 15:00,Birmingham,Bristol City
E1,03/12/16 15:00,Birmingham,Barnsley
E1,13/12/16 19:45,Birmingham,Ipswich
E1,17/12/16 17:30,Birmingham,Brighton
E1,02/01/17 15:00,Birmingham,Brentford
E1,14/01/17 15:00,Birmingham,Nottingham
E1,31/01/17 19:45,Birmingham,Reading
E1,04/02/17 15:00,Birmingham,Fulham
E1,18/02/17 15:00,Birmingham,QPR
E1,04/03/17 15:00,Birmingham,Leeds
E1,07/03/17 19:45,Birmingham,Wigan
E1,18/03/17 15:00,Birmingham,Newcastle
E1,08/04/17 15:00,Birmingham,Derby
E1,17/04/17 15:00,Birmingham,Burton
E1,29/04/17 15:00,Birmingham,Huddersfield
E1,15/10/16 15:00,Blackburn,Ipswich
E1,18/10/16 19:45,Blackburn,Nottingham
E1,29/10/16 17:30,Blackburn,Wolves
E1,19/11/16 15:00,Blackburn,Brentford
E1,03/12/16 15:00,Blackburn,Huddersfield
E1,13/12/16 19:45,Blackburn,Brighton
E1,17/12/16 15:00,Blackburn,Reading
E1,02/01/17 15:00,Blackburn,Newcastle
E1,21/01/17 15:00,Blackburn,Birmingham
E1,01/02/17 19:45,Blackburn,Leeds
E1,04/02/17 15:00,Blackburn,QPR
E1,18/02/17 15:00,Blackburn,Derby
E1,04/03/17 15:00,Blackburn,Wigan
E1,07/03/17 19:45,Blackburn,Cardiff
E1,18/03/17 13:00,Blackburn,Preston
E1,08/04/17 15:00,Blackburn,Barnsley
E1,17/04/17 15:00,Blackburn,Bristol City
E1,29/04/17 15:00,Blackburn,Aston Villa
E3,22/10/16 15:00,Blackpool,Doncaster
E3,12/11/16 15:00,Blackpool,Notts County
E3,26/11/16 15:00,Blackpool,Newport
E3,17/12/16 15:00,Blackpool,Luton
E3,02/01/17 15:00,Blackpool,Mansfield
E3,07/01/17 15:00,Blackpool,Crawley Town
E3,21/01/17 15:00,Blackpool,Yeovil
E3,04/02/17 15:00,Blackpool,Colchester
E3,18/02/17 15:00,Blackpool,Crewe
E3,28/02/17 19:45,Blackpool,Barnet
E3,04/03/17 15:00,Blackpool,Morecambe
E3,14/03/17 19:45,Blackpool,Stevenage
E3,25/03/17 15:00,Blackpool,Hartlepool
E3,08/04/17 15:00,Blackpool,Grimsby
E3,14/04/17 15:00,Blackpool,Accrington
E3,22/04/17 15:00,Blackpool,Cheltenham
E3,06/05/17 15:00,Blackpool,Leyton Orient
E2,15/10/16 15:00,Bolton,Oldham
E2,29/10/16 15:00,Bolton,Port Vale
E2,19/11/16 15:00,Bolton,Millwall
E2,22/11/16 20:00,Bolton,Coventry
E2,12/12/16 20:00,Bolton,Gillingham FC
E2,26/12/16 15:00,Bolton,Shrewsbury
E2,31/12/16 15:00,Bolton,Scunthorpe
E2,14/01/17 15:00,Bolton,Swindon
E2,28/01/17 15:00,Bolton,Charlton
E2,11/02/17 15:00,Bolton,Walsall
E2,14/02/17 20:00,Bolton,Rochdale
E2,28/02/17 20:00,Bolton,Bristol Rovers
E2,04/03/17 15:00,Bolton,AFC Wimbledon
E2,18/03/17 15:00,Bolton,Northampton
E2,01/04/17 15:00,Bolton,Chesterfield
E2,18/04/17 20:00,Bolton,Bury
E2,30/04/17 12:00,Bolton,Peterborough
E0,15/10/16 15:00,Bournemouth,Hull
E0,22/10/16 12:30,Bournemouth,Tottenham
E0,05/11/16 15:00,Bournemouth,Sunderland
E0,03/12/16 15:00,Bournemouth,Liverpool
E0,13/12/16 19:45,Bournemouth,Leicester
E0,17/12/16 15:00,Bournemouth,Southampton
E0,02/01/17 15:00,Bournemouth,Arsenal
E0,21/01/17 15:00,Bournemouth,Watford
E0,31/01/17 19:45,Bournemouth,Crystal Palace
E0,11/02/17 15:00,Bournemouth,Manchester City
E0,11/03/17 15:00,Bournemouth,West Ham
E0,18/03/17 15:00,Bournemouth,Swansea
E0,08/04/17 15:00,Bournemouth,Chelsea
E0,22/04/17 15:00,Bournemouth,Middlesbrough
E0,06/05/17 15:00,Bournemouth,Stoke
E0,13/05/17 15:00,Bournemouth,Burnley
E2,18/10/16 19:45,Bradford,Southend
E2,22/10/16 15:00,Bradford,Sheffield Utd
E2,12/11/16 15:00,Bradford,Rochdale
E2,22/11/16 19:45,Bradford,Northampton
E2,10/12/16 15:00,Bradford,Charlton
E2,26/12/16 15:00,Bradford,Scunthorpe
E2,31/12/16 15:00,Bradford,Bury
E2,07/01/17 15:00,Bradford,Chesterfield
E2,21/01/17 15:00,Bradford,Millwall
E2,04/02/17 15:00,Bradford,Gillingham FC
E2,18/02/17 15:00,Bradford,Bolton
E2,28/02/17 19:45,Bradford,Milton Keynes
E2,04/03/17 15:00,Bradford,Peterborough
E2,18/03/17 15:00,Bradford,Swindon
E2,01/04/17 15:00,Bradford,Walsall
E2,14/04/17 15:00,Bradford,Oxford Utd
E2,22/04/17 15:00,Bradford,AFC Wimbledon
E1,22/10/16 15:00,Brentford,Barnsley
E1,04/11/16 19:45,Brentford,Fulham
E1,26/11/16 15:00,Brentford,Birmingham
E1,10/12/16 15:00,Brentford,Burton
E1,26/12/16 13:00,Brentford,Cardiff
E1,31/12/16 17:30,Brentford,Norwich
E1,14/01/17 15:00,Brentford,Newcastle
E1,31/01/17 19:45,Brentford,Aston Villa
E1,04/02/17 15:00,Brentford,Brighton
E1,18/02/17 15:00,Brentford,Wolves
E1,25/02/17 15:00,Brentford,Rotherham
E1,11/03/17 15:00,Brentford,Huddersfield
E1,01/04/17 15:00,Brentford,Bristol City
E1,04/04/17 19:45,Brentford,Leeds
E1,14/04/17 15:00,Brentford,Derby
E1,22/04/17 15:00,Brentford,QPR
E1,07/05/17 12:00,Brentford,Blackburn
E1,15/10/16 15:00,Brighton,Preston
E1,18/10/16 19:45,Brighton,Wolves
E1,29/10/16 15:00,Brighton,Norwich
E1,18/11/16 19:45,Brighton,Aston Villa
E1,26/11/16 15:00,Brighton,Fulham
E1,09/12/16 19:45,Brighton,Leeds
E1,27/12/16 12:30,Brighton,QPR
E1,30/12/16 19:45,Brighton,Cardiff
E1,21/01/17 15:00,Brighton,Sheffield Wed
E1,28/01/17 15:00,Brighton,Newcastle
E1,11/02/17 15:00,Brighton,Burton
E1,14/02/17 19:45,Brighton,Ipswich
E1,25/02/17 15:00,Brighton,Reading
E1,11/03/17 15:00,Brighton,Derby
E1,01/04/17 15:00,Brighton,Blackburn
E1,04/04/17 19:45,Brighton,Birmingham
E1,17/04/17 15:00,Brighton,Wigan
E1,29/04/17 15:00,Brighton,Bristol City
E1,22/10/16 15:00,Bristol City,Blackburn
E1,05/11/16 17:30,Bristol City,Brighton
E1,03/12/16 15:00,Bristol City,Ipswich
E1,13/12/16 19:45,Bristol City,Brentford
E1,17/12/16 15:00,Bristol City,Preston
E1,02/01/17 15:00,Bristol City,Reading
E1,14/01/17 15:00,Bristol City,Cardiff
E1,31/01/17 19:45,Bristol City,Sheffield Wed
E1,04/02/17 15:00,Bristol City,Rotherham
E1,18/02/17 15:00,Bristol City,Fulham
E1,04/03/17 15:00,Bristol City,Burton
E1,07/03/17 19:45,Bristol City,Norwich
E1,18/03/17 15:00,Bristol City,Huddersfield
E1,08/04/17 15:00,Bristol City,Wolves
E1,14/04/17 15:00,Bristol City,QPR
E1,22/04/17 15:00,Bristol City,Barnsley
E1,07/05/17 12:00,Bristol City,Birmingham
E2,15/10/16 15:00,Bristol Rovers,Gillingham FC
E2,29/10/16 15:00,Bristol Rovers,Peterborough
E2,01/11/16 19:45,Bristol Rovers,Fleetwood
E2,19/11/16 15:00,Bristol Rovers,Milton Keynes
E2,22/11/16 19:45,Bristol Rovers,Charlton
E2,10/12/16 15:00,Bristol Rovers,Bury
E2,26/12/16 15:00,Bristol Rovers,Coventry
E2,31/12/16 15:00,Bristol Rovers,AFC Wimbledon
E2,07/01/17 15:00,Bristol Rovers,Northampton
E2,28/01/17 15:00,Bristol Rovers,Swindon
E2,11/02/17 15:00,Bristol Rovers,Bradford
E2,14/02/17 19:45,Bristol Rovers,Sheffield Utd
E2,25/02/17 15:00,Bristol Rovers,Scunthorpe
E2,11/03/17 15:00,Bristol Rovers,Southend
E2,18/03/17 15:00,Bristol Rovers,Chesterfield
E2,01/04/17 15:00,Bristol Rovers,Shrewsbury
E2,17/04/17 15:00,Bristol Rovers,Oldham
E2,30/04/17 12:00,Bristol Rovers,Millwall
E0,22/10/16 15:00,Burnley,Everton
E0,05/11/16 15:00,Burnley,Crystal Palace
E0,26/11/16 12:30,Burnley,Manchester City
E0,10/12/16 15:00,Burnley,Bournemouth
E0,26/12/16 15:00,Burnley,Middlesbrough
E0,31/12/16 15:00,Burnley,Sunderland
E0,14/01/17 15:00,Burnley,Southampton
E0,31/01/17 19:45,Burnley,Leicester
E0,11/02/17 15:00,Burnley,Chelsea
E0,01/04/17 15:00,Burnley,Tottenham
E0,04/04/17 19:45,Burnley,Stoke
E0,22/04/17 15:00,Burnley,Manchester Utd
E0,06/05/17 15:00,Burnley,West Brom
E0,21/05/17 15:00,Burnley,West Ham
E1,21/10/16 19:45,Burton,Birmingham
E1,05/11/16 15:00,Burton,Barnsley
E1,03/12/16 15:00,Burton,Rotherham
E1,13/12/16 19:45,Burton,Huddersfield
E1,17/12/16 15:00,Burton,Newcastle
E1,02/01/17 15:00,Burton,Preston
E1,14/01/17 15:00,Burton,Wigan
E1,31/01/17 19:45,Burton,Fulham
E1,04/02/17 15:00,Burton,Wolves
E1,18/02/17 15:00,Burton,Norwich
E1,24/02/17 19:45,Burton,Blackburn
E1,11/03/17 15:00,Burton,Nottingham
E1,18/03/17 15:00,Burton,Brentford
E1,08/04/17 15:00,Burton,Aston Villa
E1,14/04/17 15:00,Burton,Ipswich
E1,22/04/17 15:00,Burton,Leeds
E1,07/05/17 12:00,Burton,Reading
E2,18/10/16 19:45,Bury,AFC Wimbledon
E2,24/10/16 19:45,Bury,Bolton
E2,12/11/16 15:00,Bury,Southend
E2,26/11/16 15:00,Bury,Millwall
E2,17/12/16 15:00,Bury,Oxford Utd
E2,02/01/17 15:00,Bury,Sheffield Utd
E2,14/01/17 15:00,Bury,Peterborough
E2,28/01/17 15:00,Bury,Walsall
E2,11/02/17 15:00,Bury,Swindon
E2,14/02/17 19:45,Bury,Milton Keynes
E2,28/02/17 19:45,Bury,Coventry
E2,04/03/17 15:00,Bury,Gillingham FC
E2,14/03/17 19:45,Bury,Bristol Rovers
E2,25/03/17 15:00,Bury,Fleetwood
E2,08/04/17 15:00,Bury,Bradford
E2,13/04/17 19:45,Bury,Rochdale
E2,22/04/17 15:00,Bury,Northampton
E3,15/10/16 15:00,Cambridge Utd,Grimsby
E3,29/10/16 15:00,Cambridge Utd,Portsmouth
E3,19/11/16 15:00,Cambridge Utd,Wycombe
E3,26/11/16 15:00,Cambridge Utd,Cheltenham
E3,17/12/16 15:00,Cambridge Utd,Crewe
E3,02/01/17 15:00,Cambridge Utd,Notts County
E3,14/01/17 15:00,Cambridge Utd,Blackpool
E3,21/01/17 15:00,Cambridge Utd,Mansfield
E3,04/02/17 15:00,Cambridge Utd,Plymouth
E3,18/02/17 15:00,Cambridge Utd,Newport
E3,28/02/17 19:45,Cambridge Utd,Doncaster
E3,04/03/17 15:00,Cambridge Utd,Colchester
E3,14/03/17 19:45,Cambridge Utd,Hartlepool
E3,25/03/17 15:00,Cambridge Utd,Stevenage
E3,08/04/17 15:00,Cambridge Utd,Leyton Orient
E3,17/04/17 15:00,Cambridge Utd,Exeter
E3,29/04/17 15:00,Cambridge Utd,Crawley Town
E1,14/10/16 19:45,Cardiff,Bristol City
E1,19/10/16 19:45,Cardiff,Sheffield Wed
E1,29/10/16 15:00,Cardiff,Wigan
E1,19/11/16 15:00,Cardiff,Huddersfield
E1,03/12/16 15:00,Cardiff,Brighton
E1,13/12/16 19:45,Cardiff,Wolves
E1,17/12/16 15:00,Cardiff,Barnsley
E1,02/01/17 15:00,Cardiff,Aston Villa
E1,21/01/17 15:00,Cardiff,Burton
E1,31/01/17 19:45,Cardiff,Preston
E1,04/02/17 15:00,Cardiff,Norwich
E1,18/02/17 15:00,Cardiff,Rotherham
E1,25/02/17 15:00,Cardiff,Fulham
E1,11/03/17 15:00,Cardiff,Birmingham
E1,18/03/17 15:00,Cardiff,Ipswich
E1,08/04/17 15:00,Cardiff,Brentford
E1,17/04/17 15:00,Cardiff,Nottingham
E1,29/04/17 15:00,Cardiff,Newcastle
E3,15/10/16 15:00,Carlisle,Hartlepool
E3,29/10/16 15:00,Carlisle,Crawley Town
E3,19/11/16 15:00,Carlisle,Exeter
E3,26/11/16 15:00,Carlisle,Mansfield
E3,17/12/16 15:00,Carlisle,Yeovil
E3,02/01/17 15:00,Carlisle,Grimsby
E3,14/01/17 15:00,Carlisle,Morecambe
E3,28/01/17 15:00,Carlisle,Barnet
E3,11/02/17 15:00,Carlisle,Blackpool
E3,14/02/17 19:45,Carlisle,Doncaster
E3,25/02/17 15:00,Carlisle,Portsmouth
E3,11/03/17 15:00,Carlisle,Cambridge Utd
E3,14/03/17 19:45,Carlisle,Luton
E3,25/03/17 15:00,Carlisle,Crewe
E3,08/04/17 15:00,Carlisle,Notts County
E3,17/04/17 15:00,Carlisle,Stevenage
E3,29/04/17 15:00,Carlisle,Newport
E2,15/10/16 15:00,Charlton,Coventry
E2,29/10/16 15:00,Charlton,Chesterfield
E2,19/11/16 15:00,Charlton,Port Vale
E2,26/11/16 15:00,Charlton,Sheffield Utd
E2,17/12/16 15:00,Charlton,Peterborough
E2,02/01/17 15:00,Charlton,Bristol Rovers
E2,14/01/17 15:00,Charlton,Millwall
E2,21/01/17 15:00,Charlton,Scunthorpe
E2,04/02/17 15:00,Charlton,Fleetwood
E2,18/02/17 15:00,Charlton,Oxford Utd
E2,25/02/17 15:00,Charlton,Bury
E2,11/03/17 15:00,Charlton,Walsall
E2,14/03/17 19:45,Charlton,Bradford
E2,25/03/17 15:00,Charlton,Milton Keynes
E2,08/04/17 15:00,Charlton,Southend
E2,17/04/17 15:00,Charlton,Gillingham FC
E2,30/04/17 12:00,Charlton,Swindon
E0,15/10/16 12:30,Chelsea,Leicester
E0,23/10/16 16:00,Chelsea,Manchester Utd
E0,05/11/16 17:30,Chelsea,Everton
E0,26/11/16 17:30,Chelsea,Tottenham
E0,10/12/16 15:00,Chelsea,West Brom
E0,26/12/16 15:00,Chelsea,Bournemouth
E0,31/12/16 15:00,Chelsea,Stoke
E0,21/01/17 15:00,Chelsea,Hull
E0,04/02/17 15:00,Chelsea,Arsenal
E0,25/02/17 15:00,Chelsea,Swansea
E0,11/03/17 15:00,Chelsea,Watford
E0,01/04/17 15:00,Chelsea,Crystal Palace
E0,05/04/17 19:45,Chelsea,Manchester City
E0,22/04/17 15:00,Chelsea,Southampton
E0,06/05/17 15:00,Chelsea,Middlesbrough
E0,21/05/17 15:00,Chelsea,Sunderland
E3,15/10/16 15:00,Cheltenham,Crawley Town
E3,29/10/16 15:00,Cheltenham,Blackpool
E3,19/11/16 15:00,Cheltenham,Portsmouth
E3,22/11/16 19:45,Cheltenham,Colchester
E3,10/12/16 15:00,Cheltenham,Exeter
E3,26/12/16 15:00,Cheltenham,Barnet
E3,30/12/16 19:45,Cheltenham,Wycombe
E3,14/01/17 15:00,Cheltenham,Accrington
E3,21/01/17 15:00,Cheltenham,Plymouth
E3,04/02/17 15:00,Cheltenham,Newport
E3,18/02/17 15:00,Cheltenham,Yeovil
E3,28/02/17 19:45,Cheltenham,Carlisle
E3,04/03/17 15:00,Cheltenham,Mansfield
E3,18/03/17 15:00,Cheltenham,Cambridge Utd
E3,01/04/17 15:00,Cheltenham,Morecambe
E3,17/04/17 15:00,Cheltenham,Grimsby
E3,29/04/17 15:00,Cheltenham,Hartlepool
E2,18/10/16 19:45,Chesterfield,Fleetwood
E2,22/10/16 15:00,Chesterfield,Scunthorpe
E2,13/11/16 14:15,Chesterfield,Sheffield Utd
E2,26/11/16 15:00,Chesterfield,Bristol Rovers
E2,17/12/16 15:00,Chesterfield,Bolton
E2,02/01/17 15:00,Chesterfield,Milton Keynes
E2,14/01/17 15:00,Chesterfield,Coventry
E2,21/01/17 15:00,Chesterfield,AFC Wimbledon
E2,04/02/17 15:00,Chesterfield,Oldham
E2,18/02/17 15:00,Chesterfield,Bury
E2,25/02/17 15:00,Chesterfield,Oxford Utd
E2,11/03/17 15:00,Chesterfield,Shrewsbury
E2,14/03/17 19:45,Chesterfield,Peterborough
E2,25/03/17 15:00,Chesterfield,Rochdale
E2,08/04/17 15:00,Chesterfield,Port Vale
E2,14/04/17 15:00,Chesterfield,Southend
E2,22/04/17 15:00,Chesterfield,Charlton
E3,22/10/16 15:00,Colchester,Morecambe
E3,12/11/16 15:00,Colchester,Leyton Orient
E3,26/11/16 15:00,Colchester,Crewe
E3,17/12/16 15:00,Colchester,Notts County
E3,02/01/17 15:00,Colchester,Cheltenham
E3,07/01/17 15:00,Colchester,Carlisle
E3,28/01/17 15:00,Colchester,Wycombe
E3,11/02/17 15:00,Colchester,Barnet
E3,14/02/17 19:45,Colchester,Crawley Town
E3,25/02/17 15:00,Colchester,Hartlepool
E3,11/03/17 15:00,Colchester,Portsmouth
E3,14/03/17 19:45,Colchester,Mansfield
E3,25/03/17 15:00,Colchester,Luton
E3,08/04/17 15:00,Colchester,Stevenage
E3,14/04/17 15:00,Colchester,Doncaster
E3,22/04/17 15:00,Colchester,Plymouth
E3,06/05/17 15:00,Colchester,Yeovil
E2,18/10/16 19:45,Coventry,Oxford Utd
E2,22/10/16 15:00,Coventry,Rochdale
E2,12/11/16 15:00,Coventry,Scunthorpe
E2,26/11/16 15:00,Coventry,Milton Keynes
E2,15/12/16 19:45,Coventry,Sheffield Utd
E2,02/01/17 15:00,Coventry,Bolton
E2,07/01/17 15:00,Coventry,Port Vale
E2,21/01/17 15:00,Coventry,Fleetwood
E2,04/02/17 15:00,Coventry,Millwall
E2,18/02/17 15:00,Coventry,Gillingham FC
E2,25/02/17 15:00,Coventry,Swindon
E2,11/03/17 15:00,Coventry,Bradford
E2,14/03/17 19:45,Coventry,Southend
E2,25/03/17 15:00,Coventry,Bristol Rovers
E2,08/04/17 15:00,Coventry,Peterborough
E2,14/04/17 15:00,Coventry,Charlton
E2,22/04/17 15:00,Coventry,Walsall
E3,22/10/16 15:00,Crawley Town,Accrington
E3,12/11/16 15:00,Crawley Town,Cambridge Utd
E3,26/11/16 15:00,Crawley Town,Grimsby
E3,17/12/16 15:00,Crawley Town,Newport
E3,02/01/17 15:00,Crawley Town,Yeovil
E3,14/01/17 15:00,Crawley Town,Hartlepool
E3,21/01/17 15:00,Crawley Town,Portsmouth
E3,04/02/17 15:00,Crawley Town,Stevenage
E3,18/02/17 15:00,Crawley Town,Morecambe
E3,28/02/17 19:45,Crawley Town,Exeter
E3,04/03/17 15:00,Crawley Town,Doncaster
E3,14/03/17 19:45,Crawley Town,Crewe
E3,25/03/17 15:00,Crawley Town,Leyton Orient
E3,08/04/17 15:00,Crawley Town,Plymouth
E3,14/04/17 15:00,Crawley Town,Cheltenham
E3,22/04/17 15:00,Crawley Town,Carlisle
E3,06/05/17 15:00,Crawley Town,Mansfield
E3,22/10/16 15:00,Crewe,Yeovil
E3,12/11/16 15:00,Crewe,Plymouth
E3,22/11/16 19:45,Crewe,Morecambe
E3,10/12/16 15:00,Crewe,Crawley Town
E3,26/12/16 15:00,Crewe,Carlisle
E3,31/12/16 15:00,Crewe,Accrington
E3,14/01/17 15:00,Crewe,Luton
E3,28/01/17 15:00,Crewe,Cheltenham
E3,11/02/17 15:00,Crewe,Grimsby
E3,14/02/17 19:45,Crewe,Wycombe
E3,25/02/17 15:00,Crewe,Stevenage
E3,11/03/17 15:00,Crewe,Newport
E3,18/03/17 15:00,Crewe,Colchester
E3,01/04/17 15:00,Crewe,Cambridge Utd
E3,14/04/17 15:00,Crewe,Notts County
E3,22/04/17 15:00,Crewe,Leyton Orient
E3,06/05/17 15:00,Crewe,Barnet
E0,15/10/16 17:30,Crystal Palace,West Ham
E0,29/10/16 17:30,Crystal Palace,Liverpool
E0,19/11/16 15:00,Crystal Palace,Manchester City
E0,03/12/16 15:00,Crystal Palace,Southampton
E0,14/12/16 20:00,Crystal Palace,Manchester Utd
E0,17/12/16 15:00,Crystal Palace,Chelsea
E0,02/01/17 15:00,Crystal Palace,Swansea
E0,21/01/17 15:00,Crystal Palace,Everton
E0,04/02/17 15:00,Crystal Palace,Sunderland
E0,25/02/17 15:00,Crystal Palace,Middlesbrough
E0,11/03/17 15:00,Crystal Palace,Tottenham
E0,18/03/17 15:00,Crystal Palace,Watford
E0,08/04/17 15:00,Crystal Palace,Arsenal
E0,15/04/17 15:00,Crystal Palace,Leicester
E0,29/04/17 15:00,Crystal Palace,Burnley
E0,13/05/17 15:00,Crystal Palace,Hull
E1,15/10/16 15:00,Derby,Leeds
E1,18/10/16 19:45,Derby,Brentford
E1,29/10/16 15:00,Derby,Sheffield Wed
E1,19/11/16 15:00,Derby,Rotherham
E1,26/11/16 15:00,Derby,Norwich
E1,11/12/16 12:00,Derby,Nottingham
E1,27/12/16 15:00,Derby,Birmingham
E1,31/12/16 15:00,Derby,Wigan
E1,21/01/17 15:00,Derby,Reading
E1,28/01/17 15:00,Derby,Burton
E1,11/02/17 15:00,Derby,Bristol City
E1,14/02/17 19:45,Derby,Cardiff
E1,04/03/17 15:00,Derby,Barnsley
E1,07/03/17 19:45,Derby,Preston
E1,01/04/17 15:00,Derby,QPR
E1,04/04/17 19:45,Derby,Fulham
E1,17/04/17 15:00,Derby,Huddersfield
E1,29/04/17 15:00,Derby,Wolves
E3,15/10/16 15:00,Doncaster,Colchester
E3,29/10/16 15:00,Doncaster,Wycombe
E3,19/11/16 15:00,Doncaster,Hartlepool
E3,26/11/16 15:00,Doncaster,Leyton Orient
E3,17/12/16 12:30,Doncaster,Grimsby
E3,02/01/17 15:00,Doncaster,Stevenage
E3,07/01/17 15:00,Doncaster,Portsmouth
E3,21/01/17 15:00,Doncaster,Crewe
E3,04/02/17 15:00,Doncaster,Morecambe
E3,18/02/17 15:00,Doncaster,Luton
E3,25/02/17 15:00,Doncaster,Accrington
E3,11/03/17 15:00,Doncaster,Cheltenham
E3,14/03/17 19:45,Doncaster,Notts County
E3,25/03/17 15:00,Doncaster,Plymouth
E3,08/04/17 15:00,Doncaster,Mansfield
E3,17/04/17 15:00,Doncaster,Blackpool
E3,29/04/17 15:00,Doncaster,Exeter
E0,30/10/16 13:30,Everton,West Ham
E0,19/11/16 15:00,Everton,Swansea
E0,03/12/16 15:00,Everton,Manchester Utd
E0,14/12/16 19:45,Everton,Arsenal
E0,17/12/16 15:00,Everton,Liverpool
E0,02/01/17 15:00,Everton,Southampton
E0,14/01/17 15:00,Everton,Manchester City
E0,04/02/17 15:00,Everton,Bournemouth
E0,25/02/17 15:00,Everton,Sunderland
E0,11/03/17 15:00,Everton,West Brom
E0,18/03/17 15:00,Everton,Hull
E0,08/04/17 15:00,Everton,Leicester
E0,15/04/17 15:00,Everton,Burnley
E0,29/04/17 15:00,Everton,Chelsea
E0,13/05/17 15:00,Everton,Watford
E3,22/10/16 15:00,Exeter,Cambridge Utd
E3,12/11/16 15:00,Exeter,Doncaster
E3,26/11/16 15:00,Exeter,Luton
E3,17/12/16 15:00,Exeter,Mansfield
E3,02/01/17 15:00,Exeter,Leyton Orient
E3,07/01/17 15:00,Exeter,Wycombe
E3,21/01/17 15:00,Exeter,Colchester
E3,04/02/17 15:00,Exeter,Crewe
E3,18/02/17 15:00,Exeter,Stevenage
E3,25/02/17 15:00,Exeter,Blackpool
E3,11/03/17 15:00,Exeter,Accrington
E3,14/03/17 19:45,Exeter,Cheltenham
E3,25/03/17 15:00,Exeter,Yeovil
E3,08/04/17 15:00,Exeter,Newport
E3,14/04/17 15:00,Exeter,Barnet
E3,22/04/17 15:00,Exeter,Morecambe
E3,06/05/17 15:00,Exeter,Carlisle
E2,15/10/16 15:00,Fleetwood,Peterborough
E2,29/10/16 15:00,Fleetwood,Gillingham FC
E2,19/11/16 15:00,Fleetwood,Chesterfield
E2,22/11/16 19:45,Fleetwood,Shrewsbury
E2,10/12/16 15:00,Fleetwood,Walsall
E2,26/12/16 15:00,Fleetwood,Bury
E2,31/12/16 15:00,Fleetwood,Oldham
E2,14/01/17 15:00,Fleetwood,Bristol Rovers
E2,28/01/17 15:00,Fleetwood,Southend
E2,11/02/17 15:00,Fleetwood,Rochdale
E2,14/02/17 19:45,Fleetwood,Bradford
E2,25/02/17 15:00,Fleetwood,Northampton
E2,11/03/17 15:00,Fleetwood,Bolton
E2,18/03/17 15:00,Fleetwood,AFC Wimbledon
E2,01/04/17 15:00,Fleetwood,Swindon
E2,17/04/17 15:00,Fleetwood,Millwall
E2,30/04/17 12:00,Fleetwood,Port Vale
E1,18/10/16 19:45,Fulham,Norwich
E1,29/10/16 15:00,Fulham,Huddersfield
E1,19/11/16 15:00,Fulham,Sheffield Wed
E1,03/12/16 15:00,Fulham,Reading
E1,13/12/16 19:45,Fulham,Rotherham
E1,17/12/16 15:00,Fulham,Derby
E1,02/01/17 15:00,Fulham,Brighton
E1,14/01/17 15:00,Fulham,Barnsley
E1,28/01/17 15:00,Fulham,Blackburn
E1,11/02/17 15:00,Fulham,Wigan
E1,14/02/17 19:45,Fulham,Nottingham
E1,04/03/17 15:00,Fulham,Preston
E1,07/03/17 19:45,Fulham,Leeds
E1,18/03/17 15:00,Fulham,Wolves
E1,08/04/17 15:00,Fulham,Ipswich
E1,17/04/17 15:00,Fulham,Aston Villa
E1,29/04/17 15:00,Fulham,Brentford
E2,18/10/16 19:45,Gillingham FC,Walsall
E2,22/10/16 15:00,Gillingham FC,Charlton
E2,12/11/16 15:00,Gillingham FC,Northampton
E2,26/11/16 15:00,Gillingham FC,Rochdale
E2,17/12/16 15:00,Gillingham FC,Milton Keynes
E2,02/01/17 15:00,Gillingham FC,Oxford Utd
E2,07/01/17 15:00,Gillingham FC,AFC Wimbledon
E2,28/01/17 15:00,Gillingham FC,Shrewsbury
E2,11/02/17 15:00,Gillingham FC,Port Vale
E2,14/02/17 19:45,Gillingham FC,Chesterfield
E2,25/02/17 15:00,Gillingham FC,Southend
E2,11/03/17 15:00,Gillingham FC,Scunthorpe
E2,14/03/17 19:45,Gillingham FC,Bolton
E2,25/03/17 15:00,Gillingham FC,Peterborough
E2,08/04/17 15:00,Gillingham FC,Millwall
E2,14/04/17 15:00,Gillingham FC,Bristol Rovers
E2,22/04/17 15:00,Gillingham FC,Fleetwood
E3,22/10/16 15:00,Grimsby,Cheltenham
E3,12/11/16 15:00,Grimsby,Barnet
E3,22/11/16 19:45,Grimsby,Carlisle
E3,10/12/16 15:00,Grimsby,Portsmouth
E3,26/12/16 15:00,Grimsby,Accrington
E3,31/12/16 15:00,Grimsby,Blackpool
E3,14/01/17 15:00,Grimsby,Exeter
E3,21/01/17 15:00,Grimsby,Notts County
E3,04/02/17 15:00,Grimsby,Luton
E3,18/02/17 15:00,Grimsby,Mansfield
E3,28/02/17 19:45,Grimsby,Colchester
E3,04/03/17 15:00,Grimsby,Wycombe
E3,18/03/17 15:00,Grimsby,Crawley Town
E3,01/04/17 15:00,Grimsby,Doncaster
E3,14/04/17 15:00,Grimsby,Cambridge Utd
E3,22/04/17 15:00,Grimsby,Yeovil
E3,06/05/17 15:00,Grimsby,Plymouth
E3,22/10/16 15:00,Hartlepool,Leyton Orient
E3,12/11/16 15:00,Hartlepool,Cheltenham
E3,22/11/16 19:45,Hartlepool,Accrington
E3,10/12/16 15:00,Hartlepool,Cambridge Utd
E3,26/12/16 15:00,Hartlepool,Blackpool
E3,30/12/16 19:45,Hartlepool,Morecambe
E3,07/01/17 15:00,Hartlepool,Grimsby
E3,21/01/17 15:00,Hartlepool,Stevenage
E3,04/02/17 15:00,Hartlepool,Yeovil
E3,18/02/17 15:00,Hartlepool,Plymouth
E3,28/02/17 19:45,Hartlepool,Crewe
E3,04/03/17 15:00,Hartlepool,Exeter
E3,18/03/17 15:00,Hartlepool,Wycombe
E3,01/04/17 15:00,Hartlepool,Portsmouth
E3,14/04/17 15:00,Hartlepool,Carlisle
E3,22/04/17 15:00,Hartlepool,Barnet
E3,06/05/17 15:00,Hartlepool,Doncaster
E1,16/10/16 12:00,Huddersfield,Sheffield Wed
E1,22/10/16 15:00,Huddersfield,Derby
E1,05/11/16 15:00,Huddersfield,Birmingham
E1,28/11/16 19:45,Huddersfield,Wigan
E1,10/12/16 15:00,Huddersfield,Bristol City
E1,26/12/16 15:00,Huddersfield,Nottingham
E1,31/12/16 12:30,Huddersfield,Blackburn
E1,21/01/17 15:00,Huddersfield,Ipswich
E1,31/01/17 19:45,Huddersfield,Brighton
E1,04/02/17 12:30,Huddersfield,Leeds
E1,18/02/17 15:00,Huddersfield,Reading
E1,04/03/17 15:00,Huddersfield,Newcastle
E1,07/03/17 19:45,Huddersfield,Aston Villa
E1,01/04/17 15:00,Huddersfield,Burton
E1,04/04/17 19:45,Huddersfield,Norwich
E1,14/04/17 15:00,Huddersfield,Preston
E1,22/04/17 15:00,Huddersfield,Fulham
E1,07/05/17 12:00,Huddersfield,Cardiff
E0,22/10/16 15:00,Hull,Stoke
E0,06/11/16 14:15,Hull,Southampton
E0,26/11/16 15:00,Hull,West Brom
E0,10/12/16 15:00,Hull,Crystal Palace
E0,26/12/16 15:00,Hull,Manchester City
E0,31/12/16 15:00,Hull,Everton
E0,14/01/17 15:00,Hull,Bournemouth
E0,04/02/17 15:00,Hull,Liverpool
E0,25/02/17 15:00,Hull,Burnley
E0,11/03/17 15:00,Hull,Swansea
E0,01/04/17 15:00,Hull,West Ham
E0,04/04/17 19:45,Hull,Middlesbrough
E0,22/04/17 15:00,Hull,Watford
E0,06/05/17 15:00,Hull,Sunderland
E0,21/05/17 15:00,Hull,Tottenham
E1,18/10/16 19:45,Ipswich,Burton
E1,29/10/16 15:00,Ipswich,Rotherham
E1,19/11/16 17:30,Ipswich,Nottingham
E1,26/11/16 15:00,Ipswich,QPR
E1,10/12/16 15:00,Ipswich,Cardiff
E1,26/12/16 15:00,Ipswich,Fulham
E1,30/12/16 19:45,Ipswich,Bristol City
E1,14/01/17 15:00,Ipswich,Blackburn
E1,31/01/17 19:45,Ipswich,Derby
E1,04/02/17 15:00,Ipswich,Reading
E1,18/02/17 15:00,Ipswich,Leeds
E1,04/03/17 15:00,Ipswich,Brentford
E1,07/03/17 19:45,Ipswich,Wolves
E1,01/04/17 15:00,Ipswich,Birmingham
E1,04/04/17 19:45,Ipswich,Wigan
E1,17/04/17 15:00,Ipswich,Newcastle
E1,29/04/17 15:00,Ipswich,Sheffield Wed
E1,18/10/16 19:45,Leeds,Wigan
E1,29/10/16 15:00,Leeds,Burton
E1,20/11/16 13:15,Leeds,Newcastle
E1,03/12/16 17:30,Leeds,Aston Villa
E1,13/12/16 19:45,Leeds,Reading
E1,17/12/16 15:00,Leeds,Brentford
E1,02/01/17 15:00,Leeds,Rotherham
E1,14/01/17 15:00,Leeds,Derby
E1,28/01/17 15:00,Leeds,Nottingham
E1,11/02/17 15:00,Leeds,Cardiff
E1,14/02/17 19:45,Leeds,Bristol City
E1,25/02/17 15:00,Leeds,Sheffield Wed
E1,11/03/17 15:00,Leeds,QPR
E1,18/03/17 15:00,Leeds,Brighton
E1,08/04/17 15:00,Leeds,Preston
E1,17/04/17 15:00,Leeds,Wolves
E1,29/04/17 15:00,Leeds,Norwich
E0,22/10/16 15:00,Leicester,Crystal Palace
E0,06/11/16 16:30,Leicester,West Brom
E0,26/11/16 15:00,Leicester,Middlesbrough
E0,10/12/16 15:00,Leicester,Manchester City
E0,26/12/16 15:00,Leicester,Everton
E0,31/12/16 15:00,Leicester,West Ham
E0,14/01/17 15:00,Leicester,Chelsea
E0,04/02/17 15:00,Leicester,Manchester Utd
E0,25/02/17 15:00,Leicester,Liverpool
E0,04/03/17 15:00,Leicester,Hull
E0,01/04/17 15:00,Leicester,Stoke
E0,04/04/17 19:45,Leicester,Sunderland
E0,22/04/17 15:00,Leicester,Tottenham
E0,06/05/17 15:00,Leicester,Watford
E0,21/05/17 15:00,Leicester,Bournemouth
E3,15/10/16 15:00,Leyton Orient,Luton
E3,29/10/16 15:00,Leyton Orient,Crewe
E3,19/11/16 15:00,Leyton Orient,Blackpool
E3,22/11/16 19:45,Leyton Orient,Exeter
E3,10/12/16 15:00,Leyton Orient,Accrington
E3,26/12/16 13:00,Leyton Orient,Crawley Town
E3,31/12/16 13:00,Leyton Orient,Cambridge Utd
E3,07/01/17 15:00,Leyton Orient,Barnet
E3,21/01/17 15:00,Leyton Orient,Morecambe
E3,04/02/17 15:00,Leyton Orient,Carlisle
E3,18/02/17 15:00,Leyton Orient,Notts County
E3,25/02/17 15:00,Leyton Orient,Cheltenham
E3,11/03/17 15:00,Leyton Orient,Grimsby
E3,18/03/17 15:00,Leyton Orient,Doncaster
E3,01/04/17 15:00,Leyton Orient,Wycombe
E3,17/04/17 15:00,Leyton Orient,Hartlepool
E3,29/04/17 15:00,Leyton Orient,Colchester
E0,17/10/16 20:00,Liverpool,Manchester Utd
E0,22/10/16 17:30,Liverpool,West Brom
E0,06/11/16 14:15,Liverpool,Watford
E0,26/11/16 15:00,Liverpool,Sunderland
E0,10/12/16 15:00,Liverpool,West Ham
E0,26/12/16 15:00,Liverpool,Stoke
E0,31/12/16 15:00,Liverpool,Manchester City
E0,21/01/17 15:00,Liverpool,Swansea
E0,01/02/17 20:00,Liverpool,Chelsea
E0,11/02/17 15:00,Liverpool,Tottenham
E0,04/03/17 15:00,Liverpool,Arsenal
E0,12/03/17 16:00,Liverpool,Burnley
E0,01/04/17 15:00,Liverpool,Everton
E0,05/04/17 20:00,Liverpool,Bournemouth
E0,22/04/17 15:00,Liverpool,Crystal Palace
E0,06/05/17 15:00,Liverpool,Southampton
E0,21/05/17 15:00,Liverpool,Middlesbrough
E3,22/10/16 15:00,Luton,Mansfield
E3,12/11/16 15:00,Luton,Accrington
E3,22/11/16 19:45,Luton,Portsmouth
E3,10/12/16 15:00,Luton,Carlisle
E3,26/12/16 15:00,Luton,Colchester
E3,31/12/16 15:00,Luton,Barnet
E3,07/01/17 15:00,Luton,Cheltenham
E3,28/01/17 15:00,Luton,Cambridge Utd
E3,11/02/17 15:00,Luton,Crawley Town
E3,14/02/17 19:45,Luton,Hartlepool
E3,25/02/17 15:00,Luton,Plymouth
E3,11/03/17 15:00,Luton,Stevenage
E3,18/03/17 15:00,Luton,Exeter
E3,01/04/17 15:00,Luton,Blackpool
E3,14/04/17 15:00,Luton,Leyton Orient
E3,22/04/17 15:00,Luton,Notts County
E3,06/05/17 15:00,Luton,Morecambe
E0,15/10/16 15:00,Manchester City,Everton
E0,23/10/16 13:30,Manchester City,Southampton
E0,05/11/16 15:00,Manchester City,Middlesbrough
E0,03/12/16 15:00,Manchester City,Chelsea
E0,14/12/16 20:00,Manchester City,Watford
E0,17/12/16 15:00,Manchester City,Arsenal
E0,02/01/17 15:00,Manchester City,Burnley
E0,21/01/17 15:00,Manchester City,Tottenham
E0,04/02/17 15:00,Manchester City,Swansea
E0,25/02/17 15:00,Manchester City,Manchester Utd
E0,11/03/17 15:00,Manchester City,Stoke
E0,18/03/17 15:00,Manchester City,Liverpool
E0,08/04/17 15:00,Manchester City,Hull
E0,22/04/17 15:00,Manchester City,West Brom
E0,06/05/17 15:00,Manchester City,Crystal Palace
E0,13/05/17 15:00,Manchester City,Leicester
E0,29/10/16 15:00,Manchester Utd,Burnley
E0,19/11/16 12:30,Manchester Utd,Arsenal
E0,27/11/16 16:30,Manchester Utd,West Ham
E0,11/12/16 15:00,Manchester Utd,Tottenham
E0,26/12/16 15:00,Manchester Utd,Sunderland
E0,31/12/16 15:00,Manchester Utd,Middlesbrough
E0,14/01/17 15:00,Manchester Utd,Liverpool
E0,01/02/17 20:00,Manchester Utd,Hull
E0,11/02/17 15:00,Manchester Utd,Watford
E0,04/03/17 15:00,Manchester Utd,Bournemouth
E0,01/04/17 15:00,Manchester Utd,West Brom
E0,04/04/17 20:00,Manchester Utd,Everton
E0,15/04/17 15:00,Manchester Utd,Chelsea
E0,29/04/17 15:00,Manchester Utd,Swansea
E0,21/05/17 15:00,Manchester Utd,Crystal Palace
E3,15/10/16 15:00,Mansfield,Wycombe
E3,29/10/16 15:00,Mansfield,Stevenage
E3,19/11/16 15:00,Mansfield,Crawley Town
E3,22/11/16 19:45,Mansfield,Blackpool
E3,10/12/16 15:00,Mansfield,Colchester
E3,26/12/16 15:00,Mansfield,Morecambe
E3,31/12/16 12:15,Mansfield,Doncaster
E3,07/01/17 15:00,Mansfield,Crewe
E3,28/01/17 15:00,Mansfield,Leyton Orient
E3,11/02/17 15:00,Mansfield,Hartlepool
E3,14/02/17 19:45,Mansfield,Accrington
E3,25/02/17 15:00,Mansfield,Newport
E3,11/03/17 15:00,Mansfield,Plymouth
E3,18/03/17 15:00,Mansfield,Carlisle
E3,01/04/17 15:00,Mansfield,Exeter
E3,17/04/17 15:00,Mansfield,Luton
E3,29/04/17 15:00,Mansfield,Portsmouth
E0,16/10/16 13:30,Middlesbrough,Watford
E0,29/10/16 15:00,Middlesbrough,Bournemouth
E0,20/11/16 16:00,Middlesbrough,Chelsea
E0,03/12/16 15:00,Middlesbrough,Hull
E0,14/12/16 19:45,Middlesbrough,Liverpool
E0,17/12/16 15:00,Middlesbrough,Swansea
E0,02/01/17 15:00,Middlesbrough,Leicester
E0,21/01/17 15:00,Middlesbrough,West Ham
E0,31/01/17 19:45,Middlesbrough,West Brom
E0,11/02/17 15:00,Middlesbrough,Everton
E0,11/03/17 15:00,Middlesbrough,Sunderland
E0,18/03/17 15:00,Middlesbrough,Manchester Utd
E0,08/04/17 15:00,Middlesbrough,Burnley
E0,15/04/17 15:00,Middlesbrough,Arsenal
E0,29/04/17 15:00,Middlesbrough,Manchester City
E0,13/05/17 15:00,Middlesbrough,Southampton
E2,18/10/16 19:45,Millwall,Bolton
E2,22/10/16 15:00,Millwall,Fleetwood
E2,12/11/16 15:00,Millwall,Bristol Rovers
E2,22/11/16 19:45,Millwall,AFC Wimbledon
E2,10/12/16 15:00,Millwall,Shrewsbury
E2,26/12/16 15:00,Millwall,Swindon
E2,31/12/16 15:00,Millwall,Gillingham FC
E2,07/01/17 15:00,Millwall,Walsall
E2,28/01/17 15:00,Millwall,Chesterfield
E2,11/02/17 15:00,Millwall,Southend
E2,14/02/17 19:45,Millwall,Port Vale
E2,28/02/17 19:45,Millwall,Peterborough
E2,04/03/17 15:00,Millwall,Milton Keynes
E2,18/03/17 15:00,Millwall,Bury
E2,01/04/17 15:00,Millwall,Scunthorpe
E2,14/04/17 15:00,Millwall,Northampton
E2,22/04/17 15:00,Millwall,Oxford Utd
E2,18/10/16 19:45,Milton Keynes,Bristol Rovers
E2,22/10/16 15:00,Milton Keynes,Southend
E2,12/11/16 15:00,Milton Keynes,Walsall
E2,22/11/16 19:45,Milton Keynes,Chesterfield
E2,10/12/16 15:00,Milton Keynes,AFC Wimbledon
E2,26/12/16 15:00,Milton Keynes,Charlton
E2,30/12/16 19:45,Milton Keynes,Swindon
E2,07/01/17 15:00,Milton Keynes,Oldham
E2,21/01/17 15:00,Milton Keynes,Northampton
E2,04/02/17 15:00,Milton Keynes,Bolton
E2,18/02/17 15:00,Milton Keynes,Fleetwood
E2,25/02/17 15:00,Milton Keynes,Shrewsbury
E2,11/03/17 15:00,Milton Keynes,Rochdale
E2,18/03/17 15:00,Milton Keynes,Coventry
E2,01/04/17 15:00,Milton Keynes,Gillingham FC
E2,14/04/17 15:00,Milton Keynes,Scunthorpe
E2,22/04/17 15:00,Milton Keynes,Sheffield Utd
E3,15/10/16 15:00,Morecambe,Stevenage
E3,29/10/16 15:00,Morecambe,Exeter
E3,19/11/16 15:00,Morecambe,Luton
E3,26/11/16 15:00,Morecambe,Plymouth
E3,17/12/16 15:00,Morecambe,Cheltenham
E3,02/01/17 15:00,Morecambe,Crewe
E3,07/01/17 15:00,Morecambe,Notts County
E3,28/01/17 15:00,Morecambe,Accrington
E3,11/02/17 15:00,Morecambe,Cambridge Utd
E3,14/02/17 19:45,Morecambe,Barnet
E3,25/02/17 15:00,Morecambe,Grimsby
E3,11/03/17 15:00,Morecambe,Yeovil
E3,14/03/17 19:45,Morecambe,Newport
E3,25/03/17 15:00,Morecambe,Mansfield
E3,08/04/17 15:00,Morecambe,Hartlepool
E3,17/04/17 15:00,Morecambe,Colchester
E3,29/04/17 15:00,Morecambe,Wycombe
E1,15/10/16 15:00,Newcastle,Brentford
E1,22/10/16 15:00,Newcastle,Ipswich
E1,05/11/16 15:00,Newcastle,Cardiff
E1,26/11/16 15:00,Newcastle,Blackburn
E1,10/12/16 15:00,Newcastle,Birmingham
E1,26/12/16 19:45,Newcastle,Sheffield Wed
E1,30/12/16 19:45,Newcastle,Nottingham
E1,21/01/17 15:00,Newcastle,Rotherham
E1,01/02/17 19:45,Newcastle,QPR
E1,04/02/17 15:00,Newcastle,Derby
E1,18/02/17 15:00,Newcastle,Aston Villa
E1,25/02/17 15:00,Newcastle,Bristol City
E1,11/03/17 15:00,Newcastle,Fulham
E1,01/04/17 15:00,Newcastle,Wigan
E1,05/04/17 19:45,Newcastle,Burton
E1,15/04/17 15:00,Newcastle,Leeds
E1,22/04/17 15:00,Newcastle,Preston
E1,07/05/17 12:00,Newcastle,Barnsley
E3,22/10/16 15:00,Newport,Plymouth
E3,25/10/16 19:45,Newport,Barnet
E3,12/11/16 13:00,Newport,Carlisle
E3,22/11/16 19:45,Newport,Wycombe
E3,06/12/16 19:45,Newport,Stevenage
E3,10/12/16 15:00,Newport,Morecambe
E3,26/12/16 15:00,Newport,Portsmouth
E3,31/12/16 15:00,Newport,Exeter
E3,14/01/17 15:00,Newport,Colchester
E3,28/01/17 15:00,Newport,Hartlepool
E3,10/02/17 19:45,Newport,Doncaster
E3,14/02/17 19:45,Newport,Grimsby
E3,28/02/17 19:45,Newport,Luton
E3,04/03/17 15:00,Newport,Leyton Orient
E3,18/03/17 15:00,Newport,Blackpool
E3,01/04/17 15:00,Newport,Crawley Town
E3,14/04/17 15:00,Newport,Yeovil
E3,22/04/17 15:00,Newport,Accrington
E3,06/05/17 15:00,Newport,Notts County
E2,15/10/16 15:00,Northampton,Millwall
E2,29/10/16 15:00,Northampton,Bury
E2,19/11/16 15:00,Northampton,Peterborough
E2,26/11/16 15:00,Northampton,Bolton
E2,17/12/16 15:00,Northampton,Rochdale
E2,02/01/17 15:00,Northampton,Bradford
E2,14/01/17 15:00,Northampton,Scunthorpe
E2,28/01/17 15:00,Northampton,Coventry
E2,11/02/17 15:00,Northampton,Chesterfield
E2,14/02/17 19:45,Northampton,Swindon
E2,28/02/17 19:45,Northampton,Oldham
E2,04/03/17 15:00,Northampton,Charlton
E2,14/03/17 19:45,Northampton,Port Vale
E2,25/03/17 15:00,Northampton,Oxford Utd
E2,08/04/17 15:00,Northampton,Sheffield Utd
E2,17/04/17 15:00,Northampton,Shrewsbury
E2,30/04/17 12:00,Northampton,Gillingham FC
E1,15/10/16 15:00,Norwich,Rotherham
E1,22/10/16 15:00,Norwich,Preston
E1,05/11/16 15:00,Norwich,Leeds
E1,03/12/16 15:00,Norwich,Brentford
E1,13/12/16 19:45,Norwich,Aston Villa
E1,16/12/16 19:45,Norwich,Huddersfield
E1,02/01/17 15:00,Norwich,Derby
E1,21/01/17 15:00,Norwich,Wolves
E1,28/01/17 15:00,Norwich,Birmingham
E1,11/02/17 15:00,Norwich,Nottingham
E1,14/02/17 19:45,Norwich,Newcastle
E1,26/02/17 12:00,Norwich,Ipswich
E1,11/03/17 15:00,Norwich,Blackburn
E1,18/03/17 15:00,Norwich,Barnsley
E1,08/04/17 15:00,Norwich,Reading
E1,14/04/17 15:00,Norwich,Fulham
E1,22/04/17 15:00,Norwich,Brighton
E1,07/05/17 12:00,Norwich,QPR
E1,14/10/16 19:45,Nottingham,Birmingham
E1,22/10/16 17:30,Nottingham,Cardiff
E1,05/11/16 15:00,Nottingham,QPR
E1,02/12/16 19:45,Nottingham,Newcastle
E1,14/12/16 19:45,Nottingham,Preston
E1,17/12/16 15:00,Nottingham,Wolves
E1,02/01/17 15:00,Nottingham,Barnsley
E1,21/01/17 15:00,Nottingham,Bristol City
E1,31/01/17 19:45,Nottingham,Rotherham
E1,04/02/17 15:00,Nottingham,Aston Villa
E1,18/02/17 15:00,Nottingham,Sheffield Wed
E1,04/03/17 15:00,Nottingham,Brighton
E1,07/03/17 19:45,Nottingham,Brentford
E1,18/03/17 13:00,Nottingham,Derby
E1,08/04/17 15:00,Nottingham,Huddersfield
E1,14/04/17 15:00,Nottingham,Blackburn
E1,22/04/17 15:00,Nottingham,Reading
E1,07/05/17 12:00,Nottingham,Ipswich
E3,15/10/16 15:00,Notts County,Crewe
E3,29/10/16 15:00,Notts County,Luton
E3,19/11/16 15:00,Notts County,Newport
E3,22/11/16 19:45,Notts County,Cambridge Utd
E3,10/12/16 15:00,Notts County,Wycombe
E3,26/12/16 15:00,Notts County,Doncaster
E3,31/12/16 15:00,Notts County,Carlisle
E3,14/01/17 15:00,Notts County,Mansfield
E3,28/01/17 15:00,Notts County,Crawley Town
E3,11/02/17 15:00,Notts County,Cheltenham
E3,14/02/17 19:45,Notts County,Exeter
E3,25/02/17 15:00,Notts County,Yeovil
E3,11/03/17 15:00,Notts County,Hartlepool
E3,19/03/17 15:00,Notts County,Barnet
E3,01/04/17 15:00,Notts County,Colchester
E3,17/04/17 15:00,Notts County,Portsmouth
E3,29/04/17 15:00,Notts County,Blackpool
E2,18/10/16 19:45,Oldham,Scunthorpe
E2,22/10/16 15:00,Oldham,Bristol Rovers
E2,12/11/16 15:00,Oldham,AFC Wimbledon
E2,26/11/16 15:00,Oldham,Peterborough
E2,17/12/16 15:00,Oldham,Southend
E2,02/01/17 15:00,Oldham,Port Vale
E2,14/01/17 15:00,Oldham,Gillingham FC
E2,28/01/17 15:00,Oldham,Bradford
E2,11/02/17 15:00,Oldham,Coventry
E2,14/02/17 19:45,Oldham,Charlton
E2,25/02/17 15:00,Oldham,Millwall
E2,11/03/17 15:00,Oldham,Bury
E2,14/03/17 19:45,Oldham,Oxford Utd
E2,25/03/17 15:00,Oldham,Sheffield Utd
E2,08/04/17 15:00,Oldham,Fleetwood
E2,15/04/17 15:00,Oldham,Bolton
E2,22/04/17 15:00,Oldham,Rochdale
E2,15/10/16 15:00,Oxford Utd,Bradford
E2,29/10/16 13:00,Oxford Utd,Millwall
E2,19/11/16 15:00,Oxford Utd,Coventry
E2,22/11/16 19:45,Oxford Utd,Gillingham FC
E2,10/12/16 15:00,Oxford Utd,Oldham
E2,26/12/16 15:00,Oxford Utd,Northampton
E2,31/12/16 15:00,Oxford Utd,Walsall
E2,07/01/17 15:00,Oxford Utd,Bolton
E2,28/01/17 15:00,Oxford Utd,Sheffield Utd
E2,11/02/17 15:00,Oxford Utd,Milton Keynes
E2,14/02/17 19:45,Oxford Utd,Southend
E2,28/02/17 19:45,Oxford Utd,Fleetwood
E2,04/03/17 15:00,Oxford Utd,Bristol Rovers
E2,18/03/17 15:00,Oxford Utd,Scunthorpe
E2,01/04/17 15:00,Oxford Utd,Bury
E2,17/04/17 15:00,Oxford Utd,Port Vale
E2,30/04/17 12:00,Oxford Utd,Shrewsbury
E2,18/10/16 19:45,Peterborough,Northampton
E2,22/10/16 15:00,Peterborough,AFC Wimbledon
E2,13/11/16 12:15,Peterborough,Bolton
E2,22/11/16 19:45,Peterborough,Scunthorpe
E2,10/12/16 15:00,Peterborough,Chesterfield
E2,26/12/16 15:00,Peterborough,Gillingham FC
E2,31/12/16 15:00,Peterborough,Coventry
E2,07/01/17 15:00,Peterborough,Southend
E2,28/01/17 15:00,Peterborough,Milton Keynes
E2,11/02/17 15:00,Peterborough,Sheffield Utd
E2,14/02/17 19:45,Peterborough,Shrewsbury
E2,25/02/17 15:00,Peterborough,Rochdale
E2,11/03/17 15:00,Peterborough,Oxford Utd
E2,18/03/17 15:00,Peterborough,Oldham
E2,01/04/17 15:00,Peterborough,Charlton
E2,14/04/17 15:00,Peterborough,Fleetwood
E2,22/04/17 15:00,Peterborough,Bristol Rovers
E3,15/10/16 15:00,Plymouth,Portsmouth
E3,29/10/16 15:00,Plymouth,Colchester
E3,19/11/16 15:00,Plymouth,Grimsby
E3,22/11/16 19:45,Plymouth,Barnet
E3,10/12/16 15:00,Plymouth,Doncaster
E3,26/12/16 15:00,Plymouth,Wycombe
E3,31/12/16 15:00,Plymouth,Crawley Town
E3,14/01/17 15:00,Plymouth,Stevenage
E3,28/01/17 15:00,Plymouth,Blackpool
E3,11/02/17 15:00,Plymouth,Exeter
E3,14/02/17 19:45,Plymouth,Leyton Orient
E3,28/02/17 19:45,Plymouth,Notts County
E3,04/03/17 15:00,Plymouth,Carlisle
E3,18/03/17 15:00,Plymouth,Morecambe
E3,01/04/17 15:00,Plymouth,Accrington
E3,17/04/17 15:00,Plymouth,Newport
E3,29/04/17 15:00,Plymouth,Crewe
E2,18/10/16 19:45,Port Vale,Charlton
E2,22/10/16 15:00,Port Vale,Oxford Utd
E2,12/11/16 15:00,Port Vale,Fleetwood
E2,22/11/16 19:45,Port Vale,Oldham
E2,10/12/16 15:00,Port Vale,Northampton
E2,26/12/16 15:00,Port Vale,Walsall
E2,30/12/16 19:45,Port Vale,Chesterfield
E2,14/01/17 15:00,Port Vale,Milton Keynes
E2,20/01/17 19:45,Port Vale,Bury
E2,04/02/17 15:00,Port Vale,Peterborough
E2,18/02/17 15:00,Port Vale,Bristol Rovers
E2,25/02/17 15:00,Port Vale,Bradford
E2,11/03/17 15:00,Port Vale,Swindon
E2,18/03/17 15:00,Port Vale,Shrewsbury
E2,01/04/17 15:00,Port Vale,AFC Wimbledon
E2,14/04/17 15:00,Port Vale,Sheffield Utd
E2,22/04/17 15:00,Port Vale,Bolton
E3,22/10/16 15:00,Portsmouth,Notts County
E3,12/11/16 15:00,Portsmouth,Mansfield
E3,26/11/16 15:00,Portsmouth,Stevenage
E3,17/12/16 15:00,Portsmouth,Hartlepool
E3,02/01/17 15:00,Portsmouth,Luton
E3,14/01/17 15:00,Portsmouth,Leyton Orient
E3,28/01/17 15:00,Portsmouth,Exeter
E3,11/02/17 15:00,Portsmouth,Accrington
E3,14/02/17 19:45,Portsmouth,Blackpool
E3,28/02/17 19:45,Portsmouth,Morecambe
E3,04/03/17 15:00,Portsmouth,Crewe
E3,14/03/17 19:45,Portsmouth,Grimsby
E3,25/03/17 15:00,Portsmouth,Newport
E3,08/04/17 15:00,Portsmouth,Yeovil
E3,14/04/17 15:00,Portsmouth,Plymouth
E3,22/04/17 15:00,Portsmouth,Cambridge Utd
E3,06/05/17 15:00,Portsmouth,Cheltenham
E1,19/10/16 19:45,Preston,Huddersfield
E1,29/10/16 15:00,Preston,Newcastle
E1,19/11/16 15:00,Preston,Wolves
E1,26/11/16 15:00,Preston,Burton
E1,10/12/16 17:30,Preston,Blackburn
E1,26/12/16 15:00,Preston,Leeds
E1,31/12/16 15:00,Preston,Sheffield Wed
E1,14/01/17 15:00,Preston,Brighton
E1,28/01/17 15:00,Preston,Ipswich
E1,11/02/17 15:00,Preston,Brentford
E1,14/02/17 19:45,Preston,Birmingham
E1,25/02/17 15:00,Preston,QPR
E1,11/03/17 15:00,Preston,Reading
E1,01/04/17 15:00,Preston,Nottingham
E1,04/04/17 19:45,Preston,Bristol City
E1,17/04/17 15:00,Preston,Norwich
E1,29/04/17 15:00,Preston,Rotherham
E1,15/10/16 15:00,QPR,Reading
E1,18/10/16 19:45,QPR,Bristol City
E1,28/10/16 19:45,QPR,Brentford
E1,19/11/16 15:00,QPR,Norwich
E1,01/12/16 19:45,QPR,Wolves
E1,14/12/16 19:45,QPR,Derby
E1,18/12/16 12:00,QPR,Aston Villa
E1,02/01/17 15:00,QPR,Ipswich
E1,21/01/17 15:00,QPR,Fulham
E1,28/01/17 15:00,QPR,Wigan
E1,11/02/17 15:00,QPR,Huddersfield
E1,14/02/17 19:45,QPR,Burton
E1,04/03/17 15:00,QPR,Cardiff
E1,07/03/17 19:45,QPR,Barnsley
E1,18/03/17 15:00,QPR,Rotherham
E1,08/04/17 15:00,QPR,Brighton
E1,17/04/17 15:00,QPR,Sheffield Wed
E1,29/04/17 15:00,QPR,Nottingham
E1,18/10/16 20:00,Reading,Aston Villa
E1,29/10/16 15:00,Reading,Nottingham
E1,19/11/16 15:00,Reading,Burton
E1,26/11/16 15:00,Reading,Bristol City
E1,10/12/16 15:00,Reading,Sheffield Wed
E1,26/12/16 15:00,Reading,Norwich
E1,30/12/16 20:00,Reading,Fulham
E1,14/01/17 15:00,Reading,QPR
E1,28/01/17 15:00,Reading,Cardiff
E1,11/02/17 15:00,Reading,Barnsley
E1,14/02/17 20:00,Reading,Brentford
E1,04/03/17 15:00,Reading,Wolves
E1,07/03/17 20:00,Reading,Newcastle
E1,01/04/17 15:00,Reading,Leeds
E1,04/04/17 20:00,Reading,Blackburn
E1,17/04/17 15:00,Reading,Rotherham
E1,29/04/17 15:00,Reading,Wigan
E2,15/10/16 15:00,Rochdale,Bury
E2,29/10/16 15:00,Rochdale,Oldham
E2,19/11/16 15:00,Rochdale,Swindon
E2,22/11/16 19:45,Rochdale,Walsall
E2,10/12/16 15:00,Rochdale,Scunthorpe
E2,26/12/16 15:00,Rochdale,Chesterfield
E2,30/12/16 19:45,Rochdale,Shrewsbury
E2,07/01/17 15:00,Rochdale,Charlton
E2,21/01/17 15:00,Rochdale,Oxford Utd
E2,04/02/17 15:00,Rochdale,Bristol Rovers
E2,18/02/17 15:00,Rochdale,Millwall
E2,28/02/17 19:45,Rochdale,Port Vale
E2,04/03/17 15:00,Rochdale,Sheffield Utd
E2,18/03/17 15:00,Rochdale,Gillingham FC
E2,01/04/17 15:00,Rochdale,Northampton
E2,17/04/17 15:00,Rochdale,Coventry
E2,30/04/17 12:00,Rochdale,Bradford
E1,22/10/16 15:00,Rotherham,Reading
E1,05/11/16 15:00,Rotherham,Preston
E1,26/11/16 17:30,Rotherham,Leeds
E1,10/12/16 15:00,Rotherham,QPR
E1,26/12/16 15:00,Rotherham,Wigan
E1,30/12/16 19:45,Rotherham,Burton
E1,14/01/17 15:00,Rotherham,Norwich
E1,28/01/17 15:00,Rotherham,Barnsley
E1,11/02/17 15:00,Rotherham,Blackburn
E1,14/02/17 19:45,Rotherham,Huddersfield
E1,04/03/17 15:00,Rotherham,Aston Villa
E1,07/03/17 19:45,Rotherham,Brighton
E1,01/04/17 15:00,Rotherham,Fulham
E1,04/04/17 19:45,Rotherham,Sheffield Wed
E1,14/04/17 15:00,Rotherham,Birmingham
E1,22/04/17 15:00,Rotherham,Ipswich
E1,07/05/17 12:00,Rotherham,Derby
E2,15/10/16 15:00,Scunthorpe,Milton Keynes
E2,29/10/16 15:00,Scunthorpe,Swindon
E2,19/11/16 15:00,Scunthorpe,Oldham
E2,26/11/16 15:00,Scunthorpe,Oxford Utd
E2,17/12/16 15:00,Scunthorpe,Millwall
E2,02/01/17 15:00,Scunthorpe,Peterborough
E2,07/01/17 15:00,Scunthorpe,Bury
E2,28/01/17 15:00,Scunthorpe,Port Vale
E2,11/02/17 15:00,Scunthorpe,Shrewsbury
E2,14/02/17 19:45,Scunthorpe,Walsall
E2,28/02/17 19:45,Scunthorpe,AFC Wimbledon
E2,04/03/17 15:00,Scunthorpe,Fleetwood
E2,14/03/17 19:45,Scunthorpe,Rochdale
E2,25/03/17 15:00,Scunthorpe,Bradford
E2,08/04/17 15:00,Scunthorpe,Bolton
E2,17/04/17 15:00,Scunthorpe,Chesterfield
E2,30/04/17 12:00,Scunthorpe,Coventry
E2,15/10/16 15:00,Sheffield Utd,Port Vale
E2,29/10/16 15:00,Sheffield Utd,Milton Keynes
E2,19/11/16 15:00,Sheffield Utd,Shrewsbury
E2,22/11/16 19:45,Sheffield Utd,Bury
E2,29/11/16 19:45,Sheffield Utd,Walsall
E2,10/12/16 15:00,Sheffield Utd,Swindon
E2,26/12/16 15:00,Sheffield Utd,Oldham
E2,31/12/16 15:00,Sheffield Utd,Northampton
E2,07/01/17 15:00,Sheffield Utd,Fleetwood
E2,21/01/17 15:00,Sheffield Utd,Gillingham FC
E2,04/02/17 15:00,Sheffield Utd,AFC Wimbledon
E2,18/02/17 15:00,Sheffield Utd,Scunthorpe
E2,25/02/17 15:00,Sheffield Utd,Bolton
E2,11/03/17 15:00,Sheffield Utd,Millwall
E2,18/03/17 15:00,Sheffield Utd,Charlton
E2,01/04/17 15:00,Sheffield Utd,Coventry
E2,17/04/17 15:00,Sheffield Utd,Bradford
E2,30/04/17 12:00,Sheffield Utd,Chesterfield
E1,22/10/16 15:00,Sheffield Wed,QPR
E1,05/11/16 15:00,Sheffield Wed,Ipswich
E1,03/12/16 15:00,Sheffield Wed,Preston
E1,13/12/16 19:45,Sheffield Wed,Barnsley
E1,17/12/16 15:00,Sheffield Wed,Rotherham
E1,02/01/17 15:00,Sheffield Wed,Wolves
E1,14/01/17 15:00,Sheffield Wed,Huddersfield
E1,28/01/17 15:00,Sheffield Wed,Brentford
E1,11/02/17 15:00,Sheffield Wed,Birmingham
E1,14/02/17 19:45,Sheffield Wed,Blackburn
E1,04/03/17 15:00,Sheffield Wed,Norwich
E1,07/03/17 19:45,Sheffield Wed,Burton
E1,17/03/17 19:45,Sheffield Wed,Reading
E1,08/04/17 15:00,Sheffield Wed,Newcastle
E1,14/04/17 15:00,Sheffield Wed,Cardiff
E1,22/04/17 15:00,Sheffield Wed,Derby
E1,07/05/17 12:00,Sheffield Wed,Fulham
E2,18/10/16 19:45,Shrewsbury,Sheffield Utd
E2,22/10/16 15:00,Shrewsbury,Northampton
E2,12/11/16 15:00,Shrewsbury,Oxford Utd
E2,26/11/16 15:00,Shrewsbury,Port Vale
E2,17/12/16 15:00,Shrewsbury,Bristol Rovers
E2,02/01/17 15:00,Shrewsbury,Fleetwood
E2,14/01/17 15:00,Shrewsbury,Bradford
E2,21/01/17 15:00,Shrewsbury,Oldham
E2,04/02/17 15:00,Shrewsbury,Bury
E2,18/02/17 15:00,Shrewsbury,AFC Wimbledon
E2,28/02/17 19:45,Shrewsbury,Charlton
E2,04/03/17 15:00,Shrewsbury,Coventry
E2,14/03/17 19:45,Shrewsbury,Millwall
E2,25/03/17 15:00,Shrewsbury,Bolton
E2,08/04/17 15:00,Shrewsbury,Rochdale
E2,14/04/17 15:00,Shrewsbury,Walsall
E2,22/04/17 15:00,Shrewsbury,Southend
E0,16/10/16 16:00,Southampton,Burnley
E0,30/10/16 16:00,Southampton,Chelsea
E0,19/11/16 15:00,Southampton,Liverpool
E0,27/11/16 16:30,Southampton,Everton
E0,11/12/16 15:00,Southampton,Middlesbrough
E0,26/12/16 15:00,Southampton,Tottenham
E0,31/12/16 15:00,Southampton,West Brom
E0,21/01/17 15:00,Southampton,Leicester
E0,04/02/17 15:00,Southampton,West Ham
E0,25/02/17 15:00,Southampton,Arsenal
E0,11/03/17 15:00,Southampton,Manchester Utd
E0,01/04/17 15:00,Southampton,Bournemouth
E0,05/04/17 19:45,Southampton,Crystal Palace
E0,15/04/17 15:00,Southampton,Manchester City
E0,29/04/17 15:00,Southampton,Hull
E0,21/05/17 15:00,Southampton,Stoke
E2,15/10/16 15:00,Southend,Chesterfield
E2,29/10/16 15:00,Southend,Shrewsbury
E2,19/11/16 15:00,Southend,Bradford
E2,22/11/16 19:45,Southend,Swindon
E2,10/12/16 15:00,Southend,Coventry
E2,26/12/16 13:00,Southend,AFC Wimbledon
E2,31/12/16 13:00,Southend,Charlton
E2,14/01/17 15:00,Southend,Rochdale
E2,21/01/17 15:00,Southend,Bolton
E2,04/02/17 15:00,Southend,Scunthorpe
E2,18/02/17 15:00,Southend,Northampton
E2,28/02/17 19:45,Southend,Sheffield Utd
E2,04/03/17 15:00,Southend,Port Vale
E2,18/03/17 15:00,Southend,Walsall
E2,01/04/17 15:00,Southend,Oldham
E2,17/04/17 15:00,Southend,Milton Keynes
E2,30/04/17 12:00,Southend,Bury
E3,22/10/16 15:00,Stevenage,Carlisle
E3,12/11/16 15:00,Stevenage,Yeovil
E3,22/11/16 19:45,Stevenage,Doncaster
E3,10/12/16 15:00,Stevenage,Blackpool
E3,26/12/16 15:00,Stevenage,Cambridge Utd
E3,31/12/16 15:00,Stevenage,Colchester
E3,07/01/17 15:00,Stevenage,Newport
E3,28/01/17 15:00,Stevenage,Grimsby
E3,11/02/17 15:00,Stevenage,Wycombe
E3,14/02/17 19:45,Stevenage,Cheltenham
E3,28/02/17 19:45,Stevenage,Leyton Orient
E3,04/03/17 15:00,Stevenage,Notts County
E3,18/03/17 15:00,Stevenage,Portsmouth
E3,01/04/17 15:00,Stevenage,Barnet
E3,14/04/17 15:00,Stevenage,Morecambe
E3,22/04/17 15:00,Stevenage,Mansfield
E3,06/05/17 15:00,Stevenage,Accrington
E0,15/10/16 15:00,Stoke,Sunderland
E0,31/10/16 20:00,Stoke,Swansea
E0,19/11/16 15:00,Stoke,Bournemouth
E0,03/12/16 15:00,Stoke,Burnley
E0,14/12/16 20:00,Stoke,Southampton
E0,17/12/16 15:00,Stoke,Leicester
E0,02/01/17 15:00,Stoke,Watford
E0,21/01/17 15:00,Stoke,Manchester Utd
E0,01/02/17 20:00,Stoke,Everton
E0,11/02/17 15:00,Stoke,Crystal Palace
E0,04/03/17 15:00,Stoke,Middlesbrough
E0,18/03/17 15:00,Stoke,Chelsea
E0,08/04/17 15:00,Stoke,Liverpool
E0,15/04/17 15:00,Stoke,Hull
E0,29/04/17 15:00,Stoke,West Ham
E0,13/05/17 15:00,Stoke,Arsenal
E0,29/10/16 12:30,Sunderland,Arsenal
E0,19/11/16 15:00,Sunderland,Hull
E0,03/12/16 15:00,Sunderland,Leicester
E0,13/12/16 19:45,Sunderland,Chelsea
E0,17/12/16 15:00,Sunderland,Watford
E0,02/01/17 15:00,Sunderland,Liverpool
E0,14/01/17 15:00,Sunderland,Stoke
E0,31/01/17 19:45,Sunderland,Tottenham
E0,11/02/17 15:00,Sunderland,Southampton
E0,04/03/17 15:00,Sunderland,Manchester City
E0,18/03/17 15:00,Sunderland,Burnley
E0,08/04/17 15:00,Sunderland,Manchester Utd
E0,15/04/17 15:00,Sunderland,West Ham
E0,29/04/17 15:00,Sunderland,Bournemouth
E0,13/05/17 15:00,Sunderland,Swansea
E0,22/10/16 15:00,Swansea,Watford
E0,06/11/16 15:00,Swansea,Manchester Utd
E0,26/11/16 15:00,Swansea,Crystal Palace
E0,10/12/16 15:00,Swansea,Sunderland
E0,26/12/16 15:00,Swansea,West Ham
E0,31/12/16 15:00,Swansea,Bournemouth
E0,14/01/17 15:00,Swansea,Arsenal
E0,31/01/17 19:45,Swansea,Southampton
E0,11/02/17 15:00,Swansea,Leicester
E0,04/03/17 15:00,Swansea,Burnley
E0,01/04/17 15:00,Swansea,Middlesbrough
E0,04/04/17 19:45,Swansea,Tottenham
E0,22/04/17 15:00,Swansea,Stoke
E0,06/05/17 15:00,Swansea,Everton
E0,21/05/17 15:00,Swansea,West Brom
E2,18/10/16 19:45,Swindon,Rochdale
E2,22/10/16 15:00,Swindon,Walsall
E2,12/11/16 12:00,Swindon,Charlton
E2,26/11/16 15:00,Swindon,Bradford
E2,17/12/16 15:00,Swindon,Fleetwood
E2,02/01/17 15:00,Swindon,Southend
E2,07/01/17 15:00,Swindon,Shrewsbury
E2,21/01/17 15:00,Swindon,Peterborough
E2,05/02/17 12:00,Swindon,Oxford Utd
E2,18/02/17 15:00,Swindon,Oldham
E2,28/02/17 19:45,Swindon,Gillingham FC
E2,04/03/17 15:00,Swindon,Chesterfield
E2,14/03/17 19:45,Swindon,Sheffield Utd
E2,25/03/17 13:30,Swindon,Millwall
E2,08/04/17 15:00,Swindon,Milton Keynes
E2,14/04/17 15:00,Swindon,AFC Wimbledon
E2,22/04/17 15:00,Swindon,Scunthorpe
E0,29/10/16 15:00,Tottenham,Leicester
E0,19/11/16 17:30,Tottenham,West Ham
E0,03/12/16 15:00,Tottenham,Swansea
E0,14/12/16 20:00,Tottenham,Hull
E0,17/12/16 15:00,Tottenham,Burnley
E0,02/01/17 15:00,Tottenham,Chelsea
E0,14/01/17 15:00,Tottenham,West Brom
E0,04/02/17 15:00,Tottenham,Middlesbrough
E0,25/02/17 15:00,Tottenham,Stoke
E0,04/03/17 15:00,Tottenham,Everton
E0,18/03/17 15:00,Tottenham,Southampton
E0,08/04/17 15:00,Tottenham,Watford
E0,15/04/17 15:00,Tottenham,Bournemouth
E0,29/04/17 15:00,Tottenham,Arsenal
E0,13/05/17 15:00,Tottenham,Manchester Utd
E2,15/10/16 15:00,Walsall,Shrewsbury
E2,29/10/16 15:00,Walsall,Coventry
E2,19/11/16 15:00,Walsall,Gillingham FC
E2,26/11/16 15:00,Walsall,Southend
E2,17/12/16 15:00,Walsall,Bradford
E2,02/01/17 15:00,Walsall,Rochdale
E2,14/01/17 15:00,Walsall,Sheffield Utd
E2,21/01/17 15:00,Walsall,Bristol Rovers
E2,04/02/17 15:00,Walsall,Northampton
E2,18/02/17 15:00,Walsall,Peterborough
E2,28/02/17 19:45,Walsall,Chesterfield
E2,04/03/17 15:00,Walsall,Oldham
E2,14/03/17 19:45,Walsall,Fleetwood
E2,25/03/17 15:00,Walsall,Port Vale
E2,08/04/17 15:00,Walsall,Oxford Utd
E2,17/04/17 15:00,Walsall,Swindon
E2,30/04/17 12:00,Walsall,Milton Keynes
E0,29/10/16 15:00,Watford,Hull
E0,19/11/16 15:00,Watford,Leicester
E0,27/11/16 12:00,Watford,Stoke
E0,10/12/16 15:00,Watford,Everton
E0,26/12/16 15:00,Watford,Crystal Palace
E0,31/12/16 15:00,Watford,Tottenham
E0,14/01/17 15:00,Watford,Middlesbrough
E0,04/02/17 15:00,Watford,Burnley
E0,25/02/17 15:00,Watford,West Ham
E0,04/03/17 15:00,Watford,Southampton
E0,01/04/17 15:00,Watford,Sunderland
E0,04/04/17 19:45,Watford,West Brom
E0,15/04/17 15:00,Watford,Swansea
E0,29/04/17 15:00,Watford,Liverpool
E0,21/05/17 15:00,Watford,Manchester City
E0,15/10/16 15:00,West Brom,Tottenham
E0,29/10/16 15:00,West Brom,Manchester City
E0,21/11/16 20:00,West Brom,Burnley
E0,03/12/16 15:00,West Brom,Watford
E0,13/12/16 20:00,West Brom,Swansea
E0,17/12/16 15:00,West Brom,Manchester Utd
E0,02/01/17 15:00,West Brom,Hull
E0,21/01/17 15:00,West Brom,Sunderland
E0,04/02/17 15:00,West Brom,Stoke
E0,25/02/17 15:00,West Brom,Bournemouth
E0,04/03/17 15:00,West Brom,Crystal Palace
E0,18/03/17 15:00,West Brom,Arsenal
E0,08/04/17 15:00,West Brom,Southampton
E0,16/04/17 16:00,West Brom,Liverpool
E0,29/04/17 15:00,West Brom,Leicester
E0,13/05/17 15:00,West Brom,Chelsea
E0,22/10/16 15:00,West Ham,Sunderland
E0,05/11/16 15:00,West Ham,Stoke
E0,03/12/16 15:00,West Ham,Arsenal
E0,13/12/16 19:45,West Ham,Burnley
E0,17/12/16 15:00,West Ham,Hull
E0,02/01/17 15:00,West Ham,Manchester Utd
E0,14/01/17 15:00,West Ham,Crystal Palace
E0,31/01/17 19:45,West Ham,Manchester City
E0,11/02/17 15:00,West Ham,West Brom
E0,04/03/17 15:00,West Ham,Chelsea
E0,18/03/17 15:00,West Ham,Leicester
E0,08/04/17 15:00,West Ham,Swansea
E0,22/04/17 15:00,West Ham,Everton
E0,06/05/17 15:00,West Ham,Tottenham
E0,13/05/17 15:00,West Ham,Liverpool
E1,15/10/16 15:00,Wigan,Burton
E1,22/10/16 15:00,Wigan,Brighton
E1,05/11/16 15:00,Wigan,Reading
E1,03/12/16 15:00,Wigan,Derby
E1,14/12/16 19:45,Wigan,Newcastle
E1,17/12/16 15:00,Wigan,Ipswich
E1,02/01/17 15:00,Wigan,Huddersfield
E1,21/01/17 15:00,Wigan,Brentford
E1,31/01/17 19:45,Wigan,Norwich
E1,04/02/17 15:00,Wigan,Sheffield Wed
E1,18/02/17 15:00,Wigan,Preston
E1,25/02/17 15:00,Wigan,Nottingham
E1,11/03/17 15:00,Wigan,Bristol City
E1,18/03/17 15:00,Wigan,Aston Villa
E1,08/04/17 15:00,Wigan,Rotherham
E1,15/04/17 15:00,Wigan,Barnsley
E1,22/04/17 15:00,Wigan,Cardiff
E1,07/05/17 12:00,Wigan,Leeds
E1,22/10/16 15:00,Wolves,Leeds
E1,05/11/16 12:30,Wolves,Derby
E1,26/11/16 15:00,Wolves,Sheffield Wed
E1,10/12/16 15:00,Wolves,Fulham
E1,26/12/16 15:00,Wolves,Bristol City
E1,31/12/16 15:00,Wolves,QPR
E1,14/01/17 15:00,Wolves,Aston Villa
E1,28/01/17 15:00,Wolves,Huddersfield
E1,11/02/17 15:00,Wolves,Newcastle
E1,14/02/17 19:45,Wolves,Wigan
E1,25/02/17 15:00,Wolves,Birmingham
E1,11/03/17 15:00,Wolves,Rotherham
E1,01/04/17 15:00,Wolves,Cardiff
E1,04/04/17 19:45,Wolves,Nottingham
E1,14/04/17 15:00,Wolves,Brighton
E1,22/04/17 15:00,Wolves,Blackburn
E1,07/05/17 12:00,Wolves,Preston
E3,22/10/16 15:00,Wycombe,Barnet
E3,12/11/16 15:00,Wycombe,Morecambe
E3,26/11/16 15:00,Wycombe,Hartlepool
E3,17/12/16 15:00,Wycombe,Leyton Orient
E3,02/01/17 15:00,Wycombe,Newport
E3,14/01/17 15:00,Wycombe,Yeovil
E3,21/01/17 15:00,Wycombe,Luton
E3,04/02/17 15:00,Wycombe,Portsmouth
E3,18/02/17 15:00,Wycombe,Carlisle
E3,25/02/17 15:00,Wycombe,Crawley Town
E3,11/03/17 15:00,Wycombe,Blackpool
E3,14/03/17 19:45,Wycombe,Plymouth
E3,25/03/17 15:00,Wycombe,Notts County
E3,08/04/17 15:00,Wycombe,Cheltenham
E3,14/04/17 15:00,Wycombe,Mansfield
E3,22/04/17 15:00,Wycombe,Doncaster
E3,06/05/17 15:00,Wycombe,Cambridge Utd
E3,15/10/16 15:00,Yeovil,Newport
E3,29/10/16 15:00,Yeovil,Grimsby
E3,19/11/16 15:00,Yeovil,Colchester
E3,22/11/16 19:45,Yeovil,Crawley Town
E3,10/12/16 15:00,Yeovil,Barnet
E3,26/12/16 15:00,Yeovil,Exeter
E3,31/12/16 15:00,Yeovil,Portsmouth
E3,07/01/17 15:00,Yeovil,Plymouth
E3,28/01/17 15:00,Yeovil,Doncaster
E3,11/02/17 15:00,Yeovil,Leyton Orient
E3,14/02/17 19:45,Yeovil,Cambridge Utd
E3,28/02/17 19:45,Yeovil,Mansfield
E3,04/03/17 15:00,Yeovil,Luton
E3,18/03/17 15:00,Yeovil,Accrington
E3,01/04/17 15:00,Yeovil,Carlisle
E3,17/04/17 15:00,Yeovil,Crewe
E3,29/04/17 15:00,Yeovil,Stevenage
