E0,02/01/2016,Arsenal,Newcastle,,,,,,,,,
E0,02/01/2016,Crystal Palace,Chelsea,,,,,,,,,
E0,02/01/2016,Everton,Tottenham,,,,,,,,,
E0,02/01/2016,Leicester,Bournemouth,,,,,,,,,
E0,02/01/2016,Manchester Utd,Swansea,,,,,,,,,
E0,02/01/2016,Norwich,Southampton,,,,,,,,,
E0,02/01/2016,Sunderland,Aston Villa,,,,,,,,,
E0,02/01/2016,Watford,Manchester City,,,,,,,,,
E0,02/01/2016,West Brom,Stoke,,,,,,,,,
E0,02/01/2016,West Ham,Liverpool,,,,,,,,,
E1,02/01/2016,Birmingham,Brentford,,,,,,,,,
E1,02/01/2016,Bolton,Huddersfield,,,,,,,,,
E1,02/01/2016,Brighton,Wolves,,,,,,,,,
E1,02/01/2016,Burnley,Ipswich,,,,,,,,,
E1,02/01/2016,Cardiff,Blackburn,,,,,,,,,
E1,02/01/2016,Charlton,Nottingham,,,,,,,,,
E1,02/01/2016,Fulham,Sheffield Wed,,,,,,,,,
E1,02/01/2016,Leeds,Milton Keynes,,,,,,,,,
E1,02/01/2016,Middlesbrough,Derby,,,,,,,,,
E1,02/01/2016,Preston,Rotherham,,,,,,,,,
E1,02/01/2016,QPR,Hull,,,,,,,,,
E1,02/01/2016,Reading,Bristol City,,,,,,,,,
E2,02/01/2016,Barnsley,Millwall,,,,,,,,,
E2,02/01/2016,Burton,Blackpool,,,,,,,,,
E2,02/01/2016,Chesterfield,Shrewsbury,,,,,,,,,
E2,02/01/2016,Crewe,Coventry,,,,,,,,,
E2,02/01/2016,Fleetwood,Bury,,,,,,,,,
E2,02/01/2016,Gillingham FC,Bradford,,,,,,,,,
E2,02/01/2016,Oldham,Colchester,,,,,,,,,
E2,02/01/2016,Port Vale,Swindon,,,,,,,,,
E2,02/01/2016,Scunthorpe,Wigan,,,,,,,,,
E2,02/01/2016,Sheffield Utd,Peterborough,,,,,,,,,
E2,02/01/2016,Southend,Doncaster,,,,,,,,,
E2,02/01/2016,Walsall,Rochdale,,,,,,,,,
E3,02/01/2016,Bristol Rovers,Luton,,,,,,,,,
E3,02/01/2016,Cambridge Utd,Wimbledon,,,,,,,,,
E3,02/01/2016,Carlisle,Plymouth,,,,,,,,,
E3,02/01/2016,Exeter,Dagenham & Red.,,,,,,,,,
E3,02/01/2016,Mansfield,Accrington,,,,,,,,,
E3,02/01/2016,Newport,Hartlepool,,,,,,,,,
E3,02/01/2016,Northampton,Barnet,,,,,,,,,
E3,02/01/2016,Notts County,Oxford Utd,,,,,,,,,
E3,02/01/2016,Portsmouth,Crawley Town,,,,,,,,,
E3,02/01/2016,Stevenage,Leyton Orient,,,,,,,,,
E3,02/01/2016,Wycombe,Morecambe,,,,,,,,,
E3,02/01/2016,Yeovil,York,,,,,,,,,
SC0,02/01/2016,Celtic,Partick,,,,,,,,,
SC0,02/01/2016,Dundee FC,Dundee Utd,,,,,,,,,
SC0,02/01/2016,Inverness,Ross County,,,,,,,,,
SC0,02/01/2016,Kilmarnock,Hearts,,,,,,,,,
SC0,02/01/2016,Motherwell,Hamilton,,,,,,,,,
SC0,02/01/2016,St. Johnstone,Aberdeen,,,,,,,,,
E2,09/01/2016,Blackpool,Sheffield Utd,,,,,,,,,
E2,09/01/2016,Bradford,Barnsley,,,,,,,,,
E2,09/01/2016,Bury,Crewe,,,,,,,,,
E2,09/01/2016,Colchester,Fleetwood,,,,,,,,,
E2,09/01/2016,Coventry,Walsall,,,,,,,,,
E2,09/01/2016,Doncaster,Port Vale,,,,,,,,,
E2,09/01/2016,Millwall,Scunthorpe,,,,,,,,,
E2,09/01/2016,Peterborough,Burton,,,,,,,,,
E2,09/01/2016,Rochdale,Chesterfield,,,,,,,,,
E2,09/01/2016,Shrewsbury,Oldham,,,,,,,,,
E2,09/01/2016,Swindon,Southend,,,,,,,,,
E2,09/01/2016,Wigan,Gillingham FC,,,,,,,,,
E3,09/01/2016,Accrington,Notts County,,,,,,,,,
E3,09/01/2016,Barnet,Bristol Rovers,,,,,,,,,
E3,09/01/2016,Crawley Town,Cambridge Utd,,,,,,,,,
E3,09/01/2016,Dagenham & Red.,Wycombe,,,,,,,,,
E3,09/01/2016,Hartlepool,Stevenage,,,,,,,,,
E3,09/01/2016,Leyton Orient,Newport,,,,,,,,,
E3,09/01/2016,Luton,Yeovil,,,,,,,,,
E3,09/01/2016,Morecambe,Portsmouth,,,,,,,,,
E3,09/01/2016,Oxford Utd,Mansfield,,,,,,,,,
E3,09/01/2016,Plymouth,Northampton,,,,,,,,,
E3,09/01/2016,Wimbledon,Carlisle,,,,,,,,,
E3,09/01/2016,York,Exeter,,,,,,,,,
E0,12/01/2016,Aston Villa,Crystal Palace,,,,,,,,,
E0,12/01/2016,Bournemouth,West Ham,,,,,,,,,
E0,12/01/2016,Swansea,Sunderland,,,,,,,,,
E0,12/01/2016,Liverpool,Arsenal,,,,,,,,,
E1,12/01/2016,Blackburn,QPR,,,,,,,,,
E1,12/01/2016,Brentford,Middlesbrough,,,,,,,,,
E1,12/01/2016,Bristol City,Preston,,,,,,,,,
E1,12/01/2016,Derby,Reading,,,,,,,,,
E1,12/01/2016,Huddersfield,Charlton,,,,,,,,,
E1,12/01/2016,Hull,Cardiff,,,,,,,,,
E1,12/01/2016,Ipswich,Leeds,,,,,,,,,
E1,12/01/2016,Milton Keynes,Burnley,,,,,,,,,
E1,12/01/2016,Nottingham,Birmingham,,,,,,,,,
E1,12/01/2016,Rotherham,Brighton,,,,,,,,,
E1,12/01/2016,Sheffield Wed,Bolton,,,,,,,,,
E1,12/01/2016,Wolves,Fulham,,,,,,,,,
E0,13/01/2016,Chelsea,West Brom,,,,,,,,,
E0,13/01/2016,Manchester City,Everton,,,,,,,,,
E0,13/01/2016,Newcastle,Manchester Utd,,,,,,,,,
E0,13/01/2016,Southampton,Watford,,,,,,,,,
E0,13/01/2016,Stoke,Norwich,,,,,,,,,
E0,13/01/2016,Tottenham,Leicester,,,,,,,,,
E0,16/01/2016,Aston Villa,Leicester,,,,,,,,,
E0,16/01/2016,Bournemouth,Norwich,,,,,,,,,
E0,16/01/2016,Chelsea,Everton,,,,,,,,,
E0,16/01/2016,Liverpool,Manchester Utd,,,,,,,,,
E0,16/01/2016,Manchester City,Crystal Palace,,,,,,,,,
E0,16/01/2016,Newcastle,West Ham,,,,,,,,,
E0,16/01/2016,Southampton,West Brom,,,,,,,,,
E0,16/01/2016,Stoke,Arsenal,,,,,,,,,
E0,16/01/2016,Swansea,Watford,,,,,,,,,
E0,16/01/2016,Tottenham,Sunderland,,,,,,,,,
E1,16/01/2016,Blackburn,Brighton,,,,,,,,,
E1,16/01/2016,Brentford,Burnley,,,,,,,,,
E1,16/01/2016,Bristol City,Middlesbrough,,,,,,,,,
E1,16/01/2016,Derby,Birmingham,,,,,,,,,
E1,16/01/2016,Huddersfield,Fulham,,,,,,,,,
E1,16/01/2016,Hull,Charlton,,,,,,,,,
E1,16/01/2016,Ipswich,Preston,,,,,,,,,
E1,16/01/2016,Milton Keynes,Reading,,,,,,,,,
E1,16/01/2016,Nottingham,Bolton,,,,,,,,,
E1,16/01/2016,Rotherham,QPR,,,,,,,,,
E1,16/01/2016,Sheffield Wed,Leeds,,,,,,,,,
E1,16/01/2016,Wolves,Cardiff,,,,,,,,,
E2,16/01/2016,Blackpool,Scunthorpe,,,,,,,,,
E2,16/01/2016,Bradford,Oldham,,,,,,,,,
E2,16/01/2016,Bury,Walsall,,,,,,,,,
E2,16/01/2016,Colchester,Sheffield Utd,,,,,,,,,
E2,16/01/2016,Coventry,Burton,,,,,,,,,
E2,16/01/2016,Doncaster,Gillingham FC,,,,,,,,,
E2,16/01/2016,Millwall,Port Vale,,,,,,,,,
E2,16/01/2016,Peterborough,Southend,,,,,,,,,
E2,16/01/2016,Rochdale,Fleetwood,,,,,,,,,
E2,16/01/2016,Shrewsbury,Barnsley,,,,,,,,,
E2,16/01/2016,Swindon,Crewe,,,,,,,,,
E2,16/01/2016,Wigan,Chesterfield,,,,,,,,,
E3,16/01/2016,Accrington,Portsmouth,,,,,,,,,
E3,16/01/2016,Barnet,Carlisle,,,,,,,,,
E3,16/01/2016,Crawley Town,Notts County,,,,,,,,,
E3,16/01/2016,Dagenham & Red.,Northampton,,,,,,,,,
E3,16/01/2016,Hartlepool,Wycombe,,,,,,,,,
E3,16/01/2016,Leyton Orient,Exeter,,,,,,,,,
E3,16/01/2016,Luton,Cambridge Utd,,,,,,,,,
E3,16/01/2016,Morecambe,Yeovil,,,,,,,,,
E3,16/01/2016,Oxford Utd,Bristol Rovers,,,,,,,,,
E3,16/01/2016,Plymouth,Stevenage,,,,,,,,,
E3,16/01/2016,Wimbledon,Mansfield,,,,,,,,,
E3,16/01/2016,York,Newport,,,,,,,,,
SC0,16/01/2016,Dundee Utd,Celtic,,,,,,,,,
SC0,16/01/2016,Hearts,Motherwell,,,,,,,,,
SC0,16/01/2016,Kilmarnock,Inverness,,,,,,,,,
SC0,16/01/2016,Partick,Dundee FC,,,,,,,,,
SC0,16/01/2016,Ross County,Aberdeen,,,,,,,,,
SC0,16/01/2016,St. Johnstone,Hamilton,,,,,,,,,
E0,23/01/2016,Arsenal,Chelsea,,,,,,,,,
E0,23/01/2016,Crystal Palace,Tottenham,,,,,,,,,
E0,23/01/2016,Everton,Swansea,,,,,,,,,
E0,23/01/2016,Leicester,Stoke,,,,,,,,,
E0,23/01/2016,Manchester Utd,Southampton,,,,,,,,,
E0,23/01/2016,Norwich,Liverpool,,,,,,,,,
E0,23/01/2016,Sunderland,Bournemouth,,,,,,,,,
E0,23/01/2016,Watford,Newcastle,,,,,,,,,
E0,23/01/2016,West Brom,Aston Villa,,,,,,,,,
E0,23/01/2016,West Ham,Manchester City,,,,,,,,,
E1,23/01/2016,Birmingham,Ipswich,,,,,,,,,
E1,23/01/2016,Bolton,Milton Keynes,,,,,,,,,
E1,23/01/2016,Brighton,Huddersfield,,,,,,,,,
E1,23/01/2016,Burnley,Derby,,,,,,,,,
E1,23/01/2016,Cardiff,Rotherham,,,,,,,,,
E1,23/01/2016,Charlton,Blackburn,,,,,,,,,
E1,23/01/2016,Fulham,Hull,,,,,,,,,
E1,23/01/2016,Leeds,Bristol City,,,,,,,,,
E1,23/01/2016,Middlesbrough,Nottingham,,,,,,,,,
E1,23/01/2016,Preston,Brentford,,,,,,,,,
E1,23/01/2016,QPR,Wolves,,,,,,,,,
E1,23/01/2016,Reading,Sheffield Wed,,,,,,,,,
E2,23/01/2016,Barnsley,Rochdale,,,,,,,,,
E2,23/01/2016,Burton,Shrewsbury,,,,,,,,,
E2,23/01/2016,Chesterfield,Millwall,,,,,,,,,
E2,23/01/2016,Crewe,Wigan,,,,,,,,,
E2,23/01/2016,Fleetwood,Doncaster,,,,,,,,,
E2,23/01/2016,Gillingham FC,Peterborough,,,,,,,,,
E2,23/01/2016,Oldham,Bury,,,,,,,,,
E2,23/01/2016,Port Vale,Bradford,,,,,,,,,
E2,23/01/2016,Scunthorpe,Colchester,,,,,,,,,
E2,23/01/2016,Sheffield Utd,Swindon,,,,,,,,,
E2,23/01/2016,Southend,Coventry,,,,,,,,,
E2,23/01/2016,Walsall,Blackpool,,,,,,,,,
E3,23/01/2016,Bristol Rovers,Plymouth,,,,,,,,,
E3,23/01/2016,Cambridge Utd,Hartlepool,,,,,,,,,
E3,23/01/2016,Carlisle,York,,,,,,,,,
E3,23/01/2016,Exeter,Accrington,,,,,,,,,
E3,23/01/2016,Mansfield,Luton,,,,,,,,,
E3,23/01/2016,Newport,Dagenham & Red.,,,,,,,,,
E3,23/01/2016,Northampton,Morecambe,,,,,,,,,
E3,23/01/2016,Notts County,Wimbledon,,,,,,,,,
E3,23/01/2016,Portsmouth,Oxford Utd,,,,,,,,,
E3,23/01/2016,Stevenage,Barnet,,,,,,,,,
E3,23/01/2016,Wycombe,Leyton Orient,,,,,,,,,
E3,23/01/2016,Yeovil,Crawley Town,,,,,,,,,
SC0,23/01/2016,Aberdeen,Dundee FC,,,,,,,,,
SC0,23/01/2016,Celtic,St. Johnstone,,,,,,,,,
SC0,23/01/2016,Dundee Utd,Kilmarnock,,,,,,,,,
SC0,23/01/2016,Hamilton,Hearts,,,,,,,,,
SC0,23/01/2016,Inverness,Partick,,,,,,,,,
SC0,23/01/2016,Motherwell,Ross County,,,,,,,,,
E1,30/01/2016,Blackburn,Fulham,,,,,,,,,
E1,30/01/2016,Brentford,Leeds,,,,,,,,,
E1,30/01/2016,Bristol City,Birmingham,,,,,,,,,
E1,30/01/2016,Derby,Preston,,,,,,,,,
E1,30/01/2016,Huddersfield,Cardiff,,,,,,,,,
E1,30/01/2016,Hull,Brighton,,,,,,,,,
E1,30/01/2016,Ipswich,Reading,,,,,,,,,
E1,30/01/2016,Milton Keynes,Middlesbrough,,,,,,,,,
E1,30/01/2016,Nottingham,QPR,,,,,,,,,
E1,30/01/2016,Rotherham,Charlton,,,,,,,,,
E1,30/01/2016,Sheffield Wed,Burnley,,,,,,,,,
E1,30/01/2016,Wolves,Bolton,,,,,,,,,
E2,30/01/2016,Blackpool,Gillingham FC,,,,,,,,,
E2,30/01/2016,Bradford,Fleetwood,,,,,,,,,
E2,30/01/2016,Bury,Sheffield Utd,,,,,,,,,
E2,30/01/2016,Colchester,Chesterfield,,,,,,,,,
E2,30/01/2016,Coventry,Scunthorpe,,,,,,,,,
E2,30/01/2016,Doncaster,Walsall,,,,,,,,,
E2,30/01/2016,Millwall,Crewe,,,,,,,,,
E2,30/01/2016,Peterborough,Oldham,,,,,,,,,
E2,30/01/2016,Rochdale,Burton,,,,,,,,,
E2,30/01/2016,Shrewsbury,Southend,,,,,,,,,
E2,30/01/2016,Swindon,Barnsley,,,,,,,,,
E2,30/01/2016,Wigan,Port Vale,,,,,,,,,
E3,30/01/2016,Accrington,Bristol Rovers,,,,,,,,,
E3,30/01/2016,Barnet,Portsmouth,,,,,,,,,
E3,30/01/2016,Crawley Town,Mansfield,,,,,,,,,
E3,30/01/2016,Dagenham & Red.,Carlisle,,,,,,,,,
E3,30/01/2016,Hartlepool,Exeter,,,,,,,,,
E3,30/01/2016,Leyton Orient,Cambridge Utd,,,,,,,,,
E3,30/01/2016,Luton,Notts County,,,,,,,,,
E3,30/01/2016,Morecambe,Newport,,,,,,,,,
E3,30/01/2016,Oxford Utd,Northampton,,,,,,,,,
E3,30/01/2016,Plymouth,Wycombe,,,,,,,,,
E3,30/01/2016,Wimbledon,Yeovil,,,,,,,,,
E3,30/01/2016,York,Stevenage,,,,,,,,,
SC0,30/01/2016,Aberdeen,Celtic,,,,,,,,,
SC0,30/01/2016,Dundee FC,Motherwell,,,,,,,,,
SC0,30/01/2016,Kilmarnock,Hamilton,,,,,,,,,
SC0,30/01/2016,Partick,Dundee Utd,,,,,,,,,
SC0,30/01/2016,Ross County,Hearts,,,,,,,,,
SC0,30/01/2016,St. Johnstone,Inverness,,,,,,,,,
E0,02/02/2016,Arsenal,Southampton,,,,,,,,,
E0,02/02/2016,Leicester,Liverpool,,,,,,,,,
E0,02/02/2016,Norwich,Tottenham,,,,,,,,,
E0,02/02/2016,Sunderland,Manchester City,,,,,,,,,
E0,02/02/2016,Watford,Chelsea,,,,,,,,,
E0,02/02/2016,West Ham,Aston Villa,,,,,,,,,
E0,02/02/2016,Crystal Palace,Bournemouth,,,,,,,,,
E0,02/02/2016,Manchester Utd,Stoke,,,,,,,,,
E0,02/02/2016,West Brom,Swansea,,,,,,,,,
E0,03/02/2016,Everton,Newcastle,,,,,,,,,
E0,06/02/2016,Aston Villa,Norwich,,,,,,,,,
E0,06/02/2016,Bournemouth,Arsenal,,,,,,,,,
E0,06/02/2016,Chelsea,Manchester Utd,,,,,,,,,
E0,06/02/2016,Liverpool,Sunderland,,,,,,,,,
E0,06/02/2016,Manchester City,Leicester,,,,,,,,,
E0,06/02/2016,Newcastle,West Brom,,,,,,,,,
E0,06/02/2016,Southampton,West Ham,,,,,,,,,
E0,06/02/2016,Stoke,Everton,,,,,,,,,
E0,06/02/2016,Swansea,Crystal Palace,,,,,,,,,
E0,06/02/2016,Tottenham,Watford,,,,,,,,,
E1,06/02/2016,Birmingham,Sheffield Wed,,,,,,,,,
E1,06/02/2016,Bolton,Rotherham,,,,,,,,,
E1,06/02/2016,Brighton,Brentford,,,,,,,,,
E1,06/02/2016,Burnley,Hull,,,,,,,,,
E1,06/02/2016,Cardiff,Milton Keynes,,,,,,,,,
E1,06/02/2016,Charlton,Bristol City,,,,,,,,,
E1,06/02/2016,Fulham,Derby,,,,,,,,,
E1,06/02/2016,Leeds,Nottingham,,,,,,,,,
E1,06/02/2016,Middlesbrough,Blackburn,,,,,,,,,
E1,06/02/2016,Preston,Huddersfield,,,,,,,,,
E1,06/02/2016,QPR,Ipswich,,,,,,,,,
E1,06/02/2016,Reading,Wolves,,,,,,,,,
E2,06/02/2016,Barnsley,Bury,,,,,,,,,
E2,06/02/2016,Burton,Bradford,,,,,,,,,
E2,06/02/2016,Chesterfield,Peterborough,,,,,,,,,
E2,06/02/2016,Crewe,Rochdale,,,,,,,,,
E2,06/02/2016,Fleetwood,Shrewsbury,,,,,,,,,
E2,06/02/2016,Gillingham FC,Swindon,,,,,,,,,
E2,06/02/2016,Oldham,Blackpool,,,,,,,,,
E2,06/02/2016,Port Vale,Coventry,,,,,,,,,
E2,06/02/2016,Scunthorpe,Doncaster,,,,,,,,,
E2,06/02/2016,Sheffield Utd,Wigan,,,,,,,,,
E2,06/02/2016,Southend,Colchester,,,,,,,,,
E2,06/02/2016,Walsall,Millwall,,,,,,,,,
E3,06/02/2016,Bristol Rovers,Wimbledon,,,,,,,,,
E3,06/02/2016,Cambridge Utd,Dagenham & Red.,,,,,,,,,
E3,06/02/2016,Carlisle,Accrington,,,,,,,,,
E3,06/02/2016,Exeter,Oxford Utd,,,,,,,,,
E3,06/02/2016,Mansfield,Morecambe,,,,,,,,,
E3,06/02/2016,Newport,Barnet,,,,,,,,,
E3,06/02/2016,Northampton,York,,,,,,,,,
E3,06/02/2016,Notts County,Hartlepool,,,,,,,,,
E3,06/02/2016,Portsmouth,Leyton Orient,,,,,,,,,
E3,06/02/2016,Stevenage,Crawley Town,,,,,,,,,
E3,06/02/2016,Wycombe,Luton,,,,,,,,,
E3,06/02/2016,Yeovil,Plymouth,,,,,,,,,
E2,12/02/2016,Burton,Chesterfield,,,,,,,,,
E0,13/02/2016,Arsenal,Leicester,,,,,,,,,
E0,13/02/2016,Aston Villa,Liverpool,,,,,,,,,
E0,13/02/2016,Bournemouth,Stoke,,,,,,,,,
E0,13/02/2016,Chelsea,Newcastle,,,,,,,,,
E0,13/02/2016,Crystal Palace,Watford,,,,,,,,,
E0,13/02/2016,Everton,West Brom,,,,,,,,,
E0,13/02/2016,Manchester City,Tottenham,,,,,,,,,
E0,13/02/2016,Norwich,West Ham,,,,,,,,,
E0,13/02/2016,Sunderland,Manchester Utd,,,,,,,,,
E0,13/02/2016,Swansea,Southampton,,,,,,,,,
E1,13/02/2016,Blackburn,Hull,,,,,,,,,
E1,13/02/2016,Brighton,Bolton,,,,,,,,,
E1,13/02/2016,Bristol City,Ipswich,,,,,,,,,
E1,13/02/2016,Charlton,Cardiff,,,,,,,,,
E1,13/02/2016,Derby,Milton Keynes,,,,,,,,,
E1,13/02/2016,Leeds,Middlesbrough,,,,,,,,,
E1,13/02/2016,Nottingham,Huddersfield,,,,,,,,,
E1,13/02/2016,QPR,Fulham,,,,,,,,,
E1,13/02/2016,Reading,Burnley,,,,,,,,,
E1,13/02/2016,Rotherham,Birmingham,,,,,,,,,
E1,13/02/2016,Sheffield Wed,Brentford,,,,,,,,,
E1,13/02/2016,Wolves,Preston,,,,,,,,,
E2,13/02/2016,Blackpool,Shrewsbury,,,,,,,,,
E2,13/02/2016,Colchester,Swindon,,,,,,,,,
E2,13/02/2016,Coventry,Bury,,,,,,,,,
E2,13/02/2016,Crewe,Walsall,,,,,,,,,
E2,13/02/2016,Doncaster,Sheffield Utd,,,,,,,,,
E2,13/02/2016,Gillingham FC,Barnsley,,,,,,,,,
E2,13/02/2016,Peterborough,Bradford,,,,,,,,,
E2,13/02/2016,Port Vale,Fleetwood,,,,,,,,,
E2,13/02/2016,Rochdale,Millwall,,,,,,,,,
E2,13/02/2016,Scunthorpe,Southend,,,,,,,,,
E2,13/02/2016,Wigan,Oldham,,,,,,,,,
E3,13/02/2016,Accrington,Crawley Town,,,,,,,,,
E3,13/02/2016,Dagenham & Red.,Barnet,,,,,,,,,
E3,13/02/2016,Hartlepool,Yeovil,,,,,,,,,
E3,13/02/2016,Leyton Orient,Northampton,,,,,,,,,
E3,13/02/2016,Morecambe,Oxford Utd,,,,,,,,,
E3,13/02/2016,Newport,Carlisle,,,,,,,,,
E3,13/02/2016,Plymouth,Mansfield,,,,,,,,,
E3,13/02/2016,Portsmouth,Bristol Rovers,,,,,,,,,
E3,13/02/2016,Stevenage,Cambridge Utd,,,,,,,,,
E3,13/02/2016,Wimbledon,Luton,,,,,,,,,
E3,13/02/2016,Wycombe,Exeter,,,,,,,,,
E3,13/02/2016,York,Notts County,,,,,,,,,
SC0,13/02/2016,Celtic,Ross County,,,,,,,,,
SC0,13/02/2016,Dundee FC,St. Johnstone,,,,,,,,,
SC0,13/02/2016,Hamilton,Dundee Utd,,,,,,,,,
SC0,13/02/2016,Hearts,Partick,,,,,,,,,
SC0,13/02/2016,Inverness,Aberdeen,,,,,,,,,
SC0,13/02/2016,Motherwell,Kilmarnock,,,,,,,,,
E1,20/02/2016,Birmingham,Leeds,,,,,,,,,
E1,20/02/2016,Bolton,QPR,,,,,,,,,
E1,20/02/2016,Brentford,Derby,,,,,,,,,
E1,20/02/2016,Burnley,Rotherham,,,,,,,,,
E1,20/02/2016,Cardiff,Brighton,,,,,,,,,
E1,20/02/2016,Fulham,Charlton,,,,,,,,,
E1,20/02/2016,Huddersfield,Wolves,,,,,,,,,
E1,20/02/2016,Hull,Nottingham,,,,,,,,,
E1,20/02/2016,Ipswich,Blackburn,,,,,,,,,
E1,20/02/2016,Middlesbrough,Reading,,,,,,,,,
E1,20/02/2016,Milton Keynes,Bristol City,,,,,,,,,
E1,20/02/2016,Preston,Sheffield Wed,,,,,,,,,
E2,20/02/2016,Barnsley,Doncaster,,,,,,,,,
E2,20/02/2016,Bradford,Rochdale,,,,,,,,,
E2,20/02/2016,Bury,Colchester,,,,,,,,,
E2,20/02/2016,Chesterfield,Crewe,,,,,,,,,
E2,20/02/2016,Fleetwood,Scunthorpe,,,,,,,,,
E2,20/02/2016,Millwall,Peterborough,,,,,,,,,
E2,20/02/2016,Oldham,Gillingham FC,,,,,,,,,
E2,20/02/2016,Sheffield Utd,Port Vale,,,,,,,,,
E2,20/02/2016,Shrewsbury,Coventry,,,,,,,,,
E2,20/02/2016,Southend,Burton,,,,,,,,,
E2,20/02/2016,Swindon,Blackpool,,,,,,,,,
E2,20/02/2016,Walsall,Wigan,,,,,,,,,
E3,20/02/2016,Barnet,Wimbledon,,,,,,,,,
E3,20/02/2016,Bristol Rovers,Morecambe,,,,,,,,,
E3,20/02/2016,Cambridge Utd,York,,,,,,,,,
E3,20/02/2016,Carlisle,Stevenage,,,,,,,,,
E3,20/02/2016,Crawley Town,Plymouth,,,,,,,,,
E3,20/02/2016,Exeter,Newport,,,,,,,,,
E3,20/02/2016,Luton,Hartlepool,,,,,,,,,
E3,20/02/2016,Mansfield,Dagenham & Red.,,,,,,,,,
E3,20/02/2016,Northampton,Wycombe,,,,,,,,,
E3,20/02/2016,Notts County,Leyton Orient,,,,,,,,,
E3,20/02/2016,Oxford Utd,Accrington,,,,,,,,,
E3,20/02/2016,Yeovil,Portsmouth,,,,,,,,,
SC0,20/02/2016,Celtic,Inverness,,,,,,,,,
SC0,20/02/2016,Dundee Utd,Hearts,,,,,,,,,
SC0,20/02/2016,Kilmarnock,Dundee FC,,,,,,,,,
SC0,20/02/2016,Partick,Aberdeen,,,,,,,,,
SC0,20/02/2016,Ross County,Hamilton,,,,,,,,,
SC0,20/02/2016,St. Johnstone,Motherwell,,,,,,,,,
E1,23/02/2016,Birmingham,Bolton,,,,,,,,,
E1,23/02/2016,Brentford,Wolves,,,,,,,,,
E1,23/02/2016,Bristol City,Brighton,,,,,,,,,
E1,23/02/2016,Burnley,Nottingham,,,,,,,,,
E1,23/02/2016,Derby,Blackburn,,,,,,,,,
E1,23/02/2016,Ipswich,Hull,,,,,,,,,
E1,23/02/2016,Leeds,Fulham,,,,,,,,,
E1,23/02/2016,Middlesbrough,Cardiff,,,,,,,,,
E1,23/02/2016,Milton Keynes,Huddersfield,,,,,,,,,
E1,23/02/2016,Preston,Charlton,,,,,,,,,
E1,23/02/2016,Sheffield Wed,QPR,,,,,,,,,
E1,23/02/2016,Reading,Rotherham,,,,,,,,,
E0,27/02/2016,Leicester,Norwich,,,,,,,,,
E0,27/02/2016,Liverpool,Everton,,,,,,,,,
E0,27/02/2016,Manchester Utd,Arsenal,,,,,,,,,
E0,27/02/2016,Newcastle,Manchester City,,,,,,,,,
E0,27/02/2016,Southampton,Chelsea,,,,,,,,,
E0,27/02/2016,Stoke,Aston Villa,,,,,,,,,
E0,27/02/2016,Tottenham,Swansea,,,,,,,,,
E0,27/02/2016,Watford,Bournemouth,,,,,,,,,
E0,27/02/2016,West Brom,Crystal Palace,,,,,,,,,
E0,27/02/2016,West Ham,Sunderland,,,,,,,,,
E1,27/02/2016,Blackburn,Milton Keynes,,,,,,,,,
E1,27/02/2016,Bolton,Burnley,,,,,,,,,
E1,27/02/2016,Brighton,Leeds,,,,,,,,,
E1,27/02/2016,Cardiff,Preston,,,,,,,,,
E1,27/02/2016,Charlton,Reading,,,,,,,,,
E1,27/02/2016,Fulham,Middlesbrough,,,,,,,,,
E1,27/02/2016,Huddersfield,Ipswich,,,,,,,,,
E1,27/02/2016,Hull,Sheffield Wed,,,,,,,,,
E1,27/02/2016,Nottingham,Bristol City,,,,,,,,,
E1,27/02/2016,QPR,Birmingham,,,,,,,,,
E1,27/02/2016,Rotherham,Brentford,,,,,,,,,
E1,27/02/2016,Wolves,Derby,,,,,,,,,
E2,27/02/2016,Blackpool,Bradford,,,,,,,,,
E2,27/02/2016,Burton,Walsall,,,,,,,,,
E2,27/02/2016,Colchester,Shrewsbury,,,,,,,,,
E2,27/02/2016,Coventry,Fleetwood,,,,,,,,,
E2,27/02/2016,Crewe,Barnsley,,,,,,,,,
E2,27/02/2016,Doncaster,Millwall,,,,,,,,,
E2,27/02/2016,Gillingham FC,Chesterfield,,,,,,,,,
E2,27/02/2016,Peterborough,Swindon,,,,,,,,,
E2,27/02/2016,Port Vale,Southend,,,,,,,,,
E2,27/02/2016,Rochdale,Sheffield Utd,,,,,,,,,
E2,27/02/2016,Scunthorpe,Oldham,,,,,,,,,
E2,27/02/2016,Wigan,Bury,,,,,,,,,
E3,27/02/2016,Accrington,Barnet,,,,,,,,,
E3,27/02/2016,Dagenham & Red.,Yeovil,,,,,,,,,
E3,27/02/2016,Hartlepool,Northampton,,,,,,,,,
E3,27/02/2016,Leyton Orient,Crawley Town,,,,,,,,,
E3,27/02/2016,Morecambe,Carlisle,,,,,,,,,
E3,27/02/2016,Newport,Mansfield,,,,,,,,,
E3,27/02/2016,Plymouth,Notts County,,,,,,,,,
E3,27/02/2016,Portsmouth,Cambridge Utd,,,,,,,,,
E3,27/02/2016,Stevenage,Exeter,,,,,,,,,
E3,27/02/2016,Wimbledon,Oxford Utd,,,,,,,,,
E3,27/02/2016,Wycombe,Bristol Rovers,,,,,,,,,
E3,27/02/2016,York,Luton,,,,,,,,,
SC0,27/02/2016,Aberdeen,St. Johnstone,,,,,,,,,
SC0,27/02/2016,Dundee FC,Inverness,,,,,,,,,
SC0,27/02/2016,Hamilton,Celtic,,,,,,,,,
SC0,27/02/2016,Hearts,Kilmarnock,,,,,,,,,
SC0,27/02/2016,Motherwell,Partick,,,,,,,,,
SC0,27/02/2016,Ross County,Dundee Utd,,,,,,,,,
E0,01/03/2016,Arsenal,Swansea,,,,,,,,,
E0,01/03/2016,Aston Villa,Everton,,,,,,,,,
E0,01/03/2016,Bournemouth,Southampton,,,,,,,,,
E0,01/03/2016,Leicester,West Brom,,,,,,,,,
E0,01/03/2016,Norwich,Chelsea,,,,,,,,,
E0,01/03/2016,Sunderland,Crystal Palace,,,,,,,,,
E0,01/03/2016,West Ham,Tottenham,,,,,,,,,
E0,01/03/2016,Liverpool,Manchester City,,,,,,,,,
E0,01/03/2016,Manchester Utd,Watford,,,,,,,,,
E2,01/03/2016,Barnsley,Coventry,,,,,,,,,
E2,01/03/2016,Bradford,Colchester,,,,,,,,,
E2,01/03/2016,Bury,Peterborough,,,,,,,,,
E2,01/03/2016,Chesterfield,Blackpool,,,,,,,,,
E2,01/03/2016,Fleetwood,Gillingham FC,,,,,,,,,
E2,01/03/2016,Millwall,Wigan,,,,,,,,,
E2,01/03/2016,Oldham,Port Vale,,,,,,,,,
E2,01/03/2016,Sheffield Utd,Burton,,,,,,,,,
E2,01/03/2016,Shrewsbury,Rochdale,,,,,,,,,
E2,01/03/2016,Southend,Crewe,,,,,,,,,
E2,01/03/2016,Swindon,Doncaster,,,,,,,,,
E2,01/03/2016,Walsall,Scunthorpe,,,,,,,,,
E3,01/03/2016,Barnet,Plymouth,,,,,,,,,
E3,01/03/2016,Bristol Rovers,Hartlepool,,,,,,,,,
E3,01/03/2016,Cambridge Utd,Wycombe,,,,,,,,,
E3,01/03/2016,Carlisle,Leyton Orient,,,,,,,,,
E3,01/03/2016,Crawley Town,Newport,,,,,,,,,
E3,01/03/2016,Exeter,Portsmouth,,,,,,,,,
E3,01/03/2016,Luton,Morecambe,,,,,,,,,
E3,01/03/2016,Mansfield,Stevenage,,,,,,,,,
E3,01/03/2016,Northampton,Wimbledon,,,,,,,,,
E3,01/03/2016,Notts County,Dagenham & Red.,,,,,,,,,
E3,01/03/2016,Oxford Utd,York,,,,,,,,,
E3,01/03/2016,Yeovil,Accrington,,,,,,,,,
E0,02/03/2016,Stoke,Newcastle,,,,,,,,,
SC0,02/03/2016,Celtic,Dundee FC,,,,,,,,,
SC0,02/03/2016,Dundee Utd,Aberdeen,,,,,,,,,
SC0,02/03/2016,Hamilton,Motherwell,,,,,,,,,
SC0,02/03/2016,Inverness,Hearts,,,,,,,,,
SC0,02/03/2016,Kilmarnock,Ross County,,,,,,,,,
SC0,02/03/2016,St. Johnstone,Partick,,,,,,,,,
E0,05/03/2016,Chelsea,Stoke,,,,,,,,,
E0,05/03/2016,Crystal Palace,Liverpool,,,,,,,,,
E0,05/03/2016,Everton,West Ham,,,,,,,,,
E0,05/03/2016,Manchester City,Aston Villa,,,,,,,,,
E0,05/03/2016,Newcastle,Bournemouth,,,,,,,,,
E0,05/03/2016,Southampton,Sunderland,,,,,,,,,
E0,05/03/2016,Swansea,Norwich,,,,,,,,,
E0,05/03/2016,Tottenham,Arsenal,,,,,,,,,
E0,05/03/2016,Watford,Leicester,,,,,,,,,
E0,05/03/2016,West Brom,Manchester Utd,,,,,,,,,
E1,05/03/2016,Bristol City,Cardiff,,,,,,,,,
E1,05/03/2016,Birmingham,Hull,,,,,,,,,
E1,05/03/2016,Brentford,Charlton,,,,,,,,,
E1,05/03/2016,Burnley,Blackburn,,,,,,,,,
E1,05/03/2016,Derby,Huddersfield,,,,,,,,,
E1,05/03/2016,Ipswich,Nottingham,,,,,,,,,
E1,05/03/2016,Leeds,Bolton,,,,,,,,,
E1,05/03/2016,Middlesbrough,Wolves,,,,,,,,,
E1,05/03/2016,Milton Keynes,QPR,,,,,,,,,
E1,05/03/2016,Preston,Brighton,,,,,,,,,
E1,05/03/2016,Reading,Fulham,,,,,,,,,
E1,05/03/2016,Sheffield Wed,Rotherham,,,,,,,,,
E2,05/03/2016,Bury,Bradford,,,,,,,,,
E2,05/03/2016,Coventry,Rochdale,,,,,,,,,
E2,05/03/2016,Crewe,Burton,,,,,,,,,
E2,05/03/2016,Doncaster,Shrewsbury,,,,,,,,,
E2,05/03/2016,Fleetwood,Sheffield Utd,,,,,,,,,
E2,05/03/2016,Millwall,Blackpool,,,,,,,,,
E2,05/03/2016,Oldham,Swindon,,,,,,,,,
E2,05/03/2016,Port Vale,Colchester,,,,,,,,,
E2,05/03/2016,Scunthorpe,Gillingham FC,,,,,,,,,
E2,05/03/2016,Southend,Chesterfield,,,,,,,,,
E2,05/03/2016,Walsall,Barnsley,,,,,,,,,
E2,05/03/2016,Wigan,Peterborough,,,,,,,,,
E3,05/03/2016,Barnet,Hartlepool,,,,,,,,,
E3,05/03/2016,Cambridge Utd,Exeter,,,,,,,,,
E3,05/03/2016,Carlisle,Northampton,,,,,,,,,
E3,05/03/2016,Crawley Town,Morecambe,,,,,,,,,
E3,05/03/2016,Dagenham & Red.,York,,,,,,,,,
E3,05/03/2016,Leyton Orient,Luton,,,,,,,,,
E3,05/03/2016,Mansfield,Yeovil,,,,,,,,,
E3,05/03/2016,Newport,Wycombe,,,,,,,,,
E3,05/03/2016,Notts County,Bristol Rovers,,,,,,,,,
E3,05/03/2016,Plymouth,Oxford Utd,,,,,,,,,
E3,05/03/2016,Stevenage,Portsmouth,,,,,,,,,
E3,05/03/2016,Wimbledon,Accrington,,,,,,,,,
E1,08/03/2016,Blackburn,Birmingham,,,,,,,,,
E1,08/03/2016,Brighton,Sheffield Wed,,,,,,,,,
E1,08/03/2016,Cardiff,Leeds,,,,,,,,,
E1,08/03/2016,Charlton,Milton Keynes,,,,,,,,,
E1,08/03/2016,Fulham,Burnley,,,,,,,,,
E1,08/03/2016,Huddersfield,Reading,,,,,,,,,
E1,08/03/2016,Hull,Brentford,,,,,,,,,
E1,08/03/2016,Nottingham,Preston,,,,,,,,,
E1,08/03/2016,QPR,Derby,,,,,,,,,
E1,08/03/2016,Rotherham,Middlesbrough,,,,,,,,,
E1,08/03/2016,Wolves,Bristol City,,,,,,,,,
E1,08/03/2016,Bolton,Ipswich,,,,,,,,,
E0,12/03/2016,Arsenal,West Brom,,,,,,,,,
E0,12/03/2016,Aston Villa,Tottenham,,,,,,,,,
E0,12/03/2016,Bournemouth,Swansea,,,,,,,,,
E0,12/03/2016,Leicester,Newcastle,,,,,,,,,
E0,12/03/2016,Liverpool,Chelsea,,,,,,,,,
E0,12/03/2016,Manchester Utd,Crystal Palace,,,,,,,,,
E0,12/03/2016,Norwich,Manchester City,,,,,,,,,
E0,12/03/2016,Stoke,Southampton,,,,,,,,,
E0,12/03/2016,Sunderland,Everton,,,,,,,,,
E0,12/03/2016,West Ham,Watford,,,,,,,,,
E1,12/03/2016,Blackburn,Leeds,,,,,,,,,
E1,12/03/2016,Bolton,Preston,,,,,,,,,
E1,12/03/2016,Brighton,Reading,,,,,,,,,
E1,12/03/2016,Cardiff,Ipswich,,,,,,,,,
E1,12/03/2016,Charlton,Middlesbrough,,,,,,,,,
E1,12/03/2016,Fulham,Bristol City,,,,,,,,,
E1,12/03/2016,Huddersfield,Burnley,,,,,,,,,
E1,12/03/2016,Hull,Milton Keynes,,,,,,,,,
E1,12/03/2016,Nottingham,Sheffield Wed,,,,,,,,,
E1,12/03/2016,QPR,Brentford,,,,,,,,,
E1,12/03/2016,Rotherham,Derby,,,,,,,,,
E1,12/03/2016,Wolves,Birmingham,,,,,,,,,
E2,12/03/2016,Barnsley,Southend,,,,,,,,,
E2,12/03/2016,Blackpool,Coventry,,,,,,,,,
E2,12/03/2016,Bradford,Doncaster,,,,,,,,,
E2,12/03/2016,Burton,Fleetwood,,,,,,,,,
E2,12/03/2016,Chesterfield,Walsall,,,,,,,,,
E2,12/03/2016,Colchester,Wigan,,,,,,,,,
E2,12/03/2016,Gillingham FC,Crewe,,,,,,,,,
E2,12/03/2016,Peterborough,Port Vale,,,,,,,,,
E2,12/03/2016,Rochdale,Bury,,,,,,,,,
E2,12/03/2016,Sheffield Utd,Oldham,,,,,,,,,
E2,12/03/2016,Shrewsbury,Scunthorpe,,,,,,,,,
E2,12/03/2016,Swindon,Millwall,,,,,,,,,
E3,12/03/2016,Accrington,Plymouth,,,,,,,,,
E3,12/03/2016,Bristol Rovers,Mansfield,,,,,,,,,
E3,12/03/2016,Exeter,Carlisle,,,,,,,,,
E3,12/03/2016,Hartlepool,Dagenham & Red.,,,,,,,,,
E3,12/03/2016,Luton,Crawley Town,,,,,,,,,
E3,12/03/2016,Morecambe,Wimbledon,,,,,,,,,
E3,12/03/2016,Northampton,Cambridge Utd,,,,,,,,,
E3,12/03/2016,Oxford Utd,Leyton Orient,,,,,,,,,
E3,12/03/2016,Portsmouth,Newport,,,,,,,,,
E3,12/03/2016,Wycombe,Stevenage,,,,,,,,,
E3,12/03/2016,Yeovil,Notts County,,,,,,,,,
E3,12/03/2016,York,Barnet,,,,,,,,,
SC0,12/03/2016,Aberdeen,Kilmarnock,,,,,,,,,
SC0,12/03/2016,Dundee FC,Hearts,,,,,,,,,
SC0,12/03/2016,Inverness,Hamilton,,,,,,,,,
SC0,12/03/2016,Motherwell,Dundee Utd,,,,,,,,,
SC0,12/03/2016,Partick,Celtic,,,,,,,,,
SC0,12/03/2016,St. Johnstone,Ross County,,,,,,,,,
E0,19/03/2016,Chelsea,West Ham,,,,,,,,,
E0,19/03/2016,Crystal Palace,Leicester,,,,,,,,,
E0,19/03/2016,Everton,Arsenal,,,,,,,,,
E0,19/03/2016,Manchester City,Manchester Utd,,,,,,,,,
E0,19/03/2016,Newcastle,Sunderland,,,,,,,,,
E0,19/03/2016,Southampton,Liverpool,,,,,,,,,
E0,19/03/2016,Swansea,Aston Villa,,,,,,,,,
E0,19/03/2016,Tottenham,Bournemouth,,,,,,,,,
E0,19/03/2016,Watford,Stoke,,,,,,,,,
E0,19/03/2016,West Brom,Norwich,,,,,,,,,
E1,19/03/2016,Derby,Nottingham,,,,,,,,,
E1,19/03/2016,Birmingham,Fulham,,,,,,,,,
E1,19/03/2016,Brentford,Blackburn,,,,,,,,,
E1,19/03/2016,Bristol City,Bolton,,,,,,,,,
E1,19/03/2016,Burnley,Wolves,,,,,,,,,
E1,19/03/2016,Ipswich,Rotherham,,,,,,,,,
E1,19/03/2016,Leeds,Huddersfield,,,,,,,,,
E1,19/03/2016,Middlesbrough,Hull,,,,,,,,,
E1,19/03/2016,Milton Keynes,Brighton,,,,,,,,,
E1,19/03/2016,Preston,QPR,,,,,,,,,
E1,19/03/2016,Reading,Cardiff,,,,,,,,,
E1,19/03/2016,Sheffield Wed,Charlton,,,,,,,,,
E2,19/03/2016,Bury,Shrewsbury,,,,,,,,,
E2,19/03/2016,Coventry,Swindon,,,,,,,,,
E2,19/03/2016,Crewe,Blackpool,,,,,,,,,
E2,19/03/2016,Doncaster,Peterborough,,,,,,,,,
E2,19/03/2016,Fleetwood,Barnsley,,,,,,,,,
E2,19/03/2016,Millwall,Sheffield Utd,,,,,,,,,
E2,19/03/2016,Oldham,Rochdale,,,,,,,,,
E2,19/03/2016,Port Vale,Burton,,,,,,,,,
E2,19/03/2016,Scunthorpe,Chesterfield,,,,,,,,,
E2,19/03/2016,Southend,Gillingham FC,,,,,,,,,
E2,19/03/2016,Walsall,Colchester,,,,,,,,,
E2,19/03/2016,Wigan,Bradford,,,,,,,,,
E3,19/03/2016,Barnet,Oxford Utd,,,,,,,,,
E3,19/03/2016,Cambridge Utd,Yeovil,,,,,,,,,
E3,19/03/2016,Carlisle,Wycombe,,,,,,,,,
E3,19/03/2016,Crawley Town,Hartlepool,,,,,,,,,
E3,19/03/2016,Dagenham & Red.,Accrington,,,,,,,,,
E3,19/03/2016,Leyton Orient,Morecambe,,,,,,,,,
E3,19/03/2016,Mansfield,Portsmouth,,,,,,,,,
E3,19/03/2016,Newport,Bristol Rovers,,,,,,,,,
E3,19/03/2016,Notts County,Exeter,,,,,,,,,
E3,19/03/2016,Plymouth,Luton,,,,,,,,,
E3,19/03/2016,Stevenage,Northampton,,,,,,,,,
E3,19/03/2016,Wimbledon,York,,,,,,,,,
SC0,19/03/2016,Dundee Utd,Dundee FC,,,,,,,,,
SC0,19/03/2016,Hamilton,Partick,,,,,,,,,
SC0,19/03/2016,Hearts,St. Johnstone,,,,,,,,,
SC0,19/03/2016,Kilmarnock,Celtic,,,,,,,,,
SC0,19/03/2016,Motherwell,Aberdeen,,,,,,,,,
SC0,19/03/2016,Ross County,Inverness,,,,,,,,,
E2,25/03/2016,Barnsley,Scunthorpe,,,,,,,,,
E2,25/03/2016,Burton,Oldham,,,,,,,,,
E2,25/03/2016,Colchester,Doncaster,,,,,,,,,
E2,25/03/2016,Gillingham FC,Walsall,,,,,,,,,
E2,25/03/2016,Peterborough,Coventry,,,,,,,,,
E2,25/03/2016,Rochdale,Southend,,,,,,,,,
E2,25/03/2016,Sheffield Utd,Crewe,,,,,,,,,
E2,25/03/2016,Shrewsbury,Port Vale,,,,,,,,,
E2,25/03/2016,Swindon,Wigan,,,,,,,,,
E3,25/03/2016,Accrington,Leyton Orient,,,,,,,,,
E3,25/03/2016,Bristol Rovers,Cambridge Utd,,,,,,,,,
E3,25/03/2016,Exeter,Barnet,,,,,,,,,
E3,25/03/2016,Hartlepool,Wimbledon,,,,,,,,,
E3,25/03/2016,Luton,Dagenham & Red.,,,,,,,,,
E3,25/03/2016,Morecambe,Plymouth,,,,,,,,,
E3,25/03/2016,Northampton,Newport,,,,,,,,,
E3,25/03/2016,Oxford Utd,Stevenage,,,,,,,,,
E3,25/03/2016,Portsmouth,Notts County,,,,,,,,,
E3,25/03/2016,Wycombe,Mansfield,,,,,,,,,
E3,25/03/2016,Yeovil,Carlisle,,,,,,,,,
E3,25/03/2016,York,Crawley Town,,,,,,,,,
E2,26/03/2016,Blackpool,Bury,,,,,,,,,
E2,26/03/2016,Bradford,Millwall,,,,,,,,,
E2,26/03/2016,Chesterfield,Fleetwood,,,,,,,,,
E2,28/03/2016,Bury,Gillingham FC,,,,,,,,,
E2,28/03/2016,Crewe,Bradford,,,,,,,,,
E2,28/03/2016,Doncaster,Blackpool,,,,,,,,,
E2,28/03/2016,Fleetwood,Peterborough,,,,,,,,,
E2,28/03/2016,Millwall,Burton,,,,,,,,,
E2,28/03/2016,Oldham,Chesterfield,,,,,,,,,
E2,28/03/2016,Port Vale,Barnsley,,,,,,,,,
E2,28/03/2016,Scunthorpe,Swindon,,,,,,,,,
E2,28/03/2016,Southend,Sheffield Utd,,,,,,,,,
E2,28/03/2016,Walsall,Shrewsbury,,,,,,,,,
E2,28/03/2016,Wigan,Rochdale,,,,,,,,,
E3,28/03/2016,Barnet,Luton,,,,,,,,,
E3,28/03/2016,Cambridge Utd,Oxford Utd,,,,,,,,,
E3,28/03/2016,Carlisle,Bristol Rovers,,,,,,,,,
E3,28/03/2016,Crawley Town,Exeter,,,,,,,,,
E3,28/03/2016,Dagenham & Red.,Morecambe,,,,,,,,,
E3,28/03/2016,Leyton Orient,Hartlepool,,,,,,,,,
E3,28/03/2016,Mansfield,Northampton,,,,,,,,,
E3,28/03/2016,Newport,Accrington,,,,,,,,,
E3,28/03/2016,Notts County,Wycombe,,,,,,,,,
E3,28/03/2016,Plymouth,York,,,,,,,,,
E3,28/03/2016,Stevenage,Yeovil,,,,,,,,,
E3,28/03/2016,Wimbledon,Portsmouth,,,,,,,,,
E2,29/03/2016,Coventry,Colchester,,,,,,,,,
E0,02/04/2016,Arsenal,Watford,,,,,,,,,
E0,02/04/2016,Aston Villa,Chelsea,,,,,,,,,
E0,02/04/2016,Bournemouth,Manchester City,,,,,,,,,
E0,02/04/2016,Leicester,Southampton,,,,,,,,,
E0,02/04/2016,Liverpool,Tottenham,,,,,,,,,
E0,02/04/2016,Manchester Utd,Everton,,,,,,,,,
E0,02/04/2016,Norwich,Newcastle,,,,,,,,,
E0,02/04/2016,Stoke,Swansea,,,,,,,,,
E0,02/04/2016,Sunderland,West Brom,,,,,,,,,
E0,02/04/2016,West Ham,Crystal Palace,,,,,,,,,
E1,02/04/2016,Blackburn,Preston,,,,,,,,,
E1,02/04/2016,Bolton,Reading,,,,,,,,,
E1,02/04/2016,Brighton,Burnley,,,,,,,,,
E1,02/04/2016,Cardiff,Derby,,,,,,,,,
E1,02/04/2016,Charlton,Birmingham,,,,,,,,,
E1,02/04/2016,Fulham,Milton Keynes,,,,,,,,,
E1,02/04/2016,Huddersfield,Sheffield Wed,,,,,,,,,
E1,02/04/2016,Hull,Bristol City,,,,,,,,,
E1,02/04/2016,Nottingham,Brentford,,,,,,,,,
E1,02/04/2016,QPR,Middlesbrough,,,,,,,,,
E1,02/04/2016,Rotherham,Leeds,,,,,,,,,
E1,02/04/2016,Wolves,Ipswich,,,,,,,,,
E2,02/04/2016,Barnsley,Oldham,,,,,,,,,
E2,02/04/2016,Blackpool,Southend,,,,,,,,,
E2,02/04/2016,Bradford,Scunthorpe,,,,,,,,,
E2,02/04/2016,Burton,Bury,,,,,,,,,
E2,02/04/2016,Chesterfield,Port Vale,,,,,,,,,
E2,02/04/2016,Colchester,Millwall,,,,,,,,,
E2,02/04/2016,Gillingham FC,Coventry,,,,,,,,,
E2,02/04/2016,Peterborough,Crewe,,,,,,,,,
E2,02/04/2016,Rochdale,Doncaster,,,,,,,,,
E2,02/04/2016,Sheffield Utd,Walsall,,,,,,,,,
E2,02/04/2016,Shrewsbury,Wigan,,,,,,,,,
E2,02/04/2016,Swindon,Fleetwood,,,,,,,,,
E3,02/04/2016,Accrington,Cambridge Utd,,,,,,,,,
E3,02/04/2016,Bristol Rovers,Crawley Town,,,,,,,,,
E3,02/04/2016,Exeter,Plymouth,,,,,,,,,
E3,02/04/2016,Hartlepool,Mansfield,,,,,,,,,
E3,02/04/2016,Luton,Stevenage,,,,,,,,,
E3,02/04/2016,Morecambe,Barnet,,,,,,,,,
E3,02/04/2016,Northampton,Notts County,,,,,,,,,
E3,02/04/2016,Oxford Utd,Dagenham & Red.,,,,,,,,,
E3,02/04/2016,Portsmouth,Carlisle,,,,,,,,,
E3,02/04/2016,Wycombe,Wimbledon,,,,,,,,,
E3,02/04/2016,Yeovil,Newport,,,,,,,,,
E3,02/04/2016,York,Leyton Orient,,,,,,,,,
SC0,02/04/2016,Aberdeen,Hamilton,,,,,,,,,
SC0,02/04/2016,Celtic,Hearts,,,,,,,,,
SC0,02/04/2016,Dundee FC,Ross County,,,,,,,,,
SC0,02/04/2016,Inverness,Motherwell,,,,,,,,,
SC0,02/04/2016,Partick,Kilmarnock,,,,,,,,,
SC0,02/04/2016,St. Johnstone,Dundee Utd,,,,,,,,,
E1,05/04/2016,Birmingham,Brighton,,,,,,,,,
E1,05/04/2016,Brentford,Bolton,,,,,,,,,
E1,05/04/2016,Bristol City,Rotherham,,,,,,,,,
E1,05/04/2016,Burnley,Cardiff,,,,,,,,,
E1,05/04/2016,Derby,Hull,,,,,,,,,
E1,05/04/2016,Ipswich,Charlton,,,,,,,,,
E1,05/04/2016,Leeds,QPR,,,,,,,,,
E1,05/04/2016,Middlesbrough,Huddersfield,,,,,,,,,
E1,05/04/2016,Milton Keynes,Wolves,,,,,,,,,
E1,05/04/2016,Preston,Fulham,,,,,,,,,
E1,05/04/2016,Sheffield Wed,Blackburn,,,,,,,,,
E1,05/04/2016,Reading,Nottingham,,,,,,,,,
E0,09/04/2016,Aston Villa,Bournemouth,,,,,,,,,
E0,09/04/2016,Crystal Palace,Norwich,,,,,,,,,
E0,09/04/2016,Liverpool,Stoke,,,,,,,,,
E0,09/04/2016,Manchester City,West Brom,,,,,,,,,
E0,09/04/2016,Southampton,Newcastle,,,,,,,,,
E0,09/04/2016,Sunderland,Leicester,,,,,,,,,
E0,09/04/2016,Swansea,Chelsea,,,,,,,,,
E0,09/04/2016,Tottenham,Manchester Utd,,,,,,,,,
E0,09/04/2016,Watford,Everton,,,,,,,,,
E0,09/04/2016,West Ham,Arsenal,,,,,,,,,
E1,09/04/2016,Bristol City,Sheffield Wed,,,,,,,,,
E1,09/04/2016,Burnley,Leeds,,,,,,,,,
E1,09/04/2016,Derby,Bolton,,,,,,,,,
E1,09/04/2016,Fulham,Cardiff,,,,,,,,,
E1,09/04/2016,Huddersfield,Hull,,,,,,,,,
E1,09/04/2016,Ipswich,Brentford,,,,,,,,,
E1,09/04/2016,Middlesbrough,Preston,,,,,,,,,
E1,09/04/2016,Milton Keynes,Rotherham,,,,,,,,,
E1,09/04/2016,Nottingham,Brighton,,,,,,,,,
E1,09/04/2016,QPR,Charlton,,,,,,,,,
E1,09/04/2016,Reading,Birmingham,,,,,,,,,
E1,09/04/2016,Wolves,Blackburn,,,,,,,,,
E2,09/04/2016,Barnsley,Chesterfield,,,,,,,,,
E2,09/04/2016,Blackpool,Colchester,,,,,,,,,
E2,09/04/2016,Bradford,Swindon,,,,,,,,,
E2,09/04/2016,Bury,Doncaster,,,,,,,,,
E2,09/04/2016,Millwall,Shrewsbury,,,,,,,,,
E2,09/04/2016,Oldham,Walsall,,,,,,,,,
E2,09/04/2016,Peterborough,Rochdale,,,,,,,,,
E2,09/04/2016,Port Vale,Crewe,,,,,,,,,
E2,09/04/2016,Scunthorpe,Burton,,,,,,,,,
E2,09/04/2016,Sheffield Utd,Gillingham FC,,,,,,,,,
E2,09/04/2016,Southend,Fleetwood,,,,,,,,,
E2,09/04/2016,Wigan,Coventry,,,,,,,,,
E3,09/04/2016,Barnet,Leyton Orient,,,,,,,,,
E3,09/04/2016,Carlisle,Mansfield,,,,,,,,,
E3,09/04/2016,Crawley Town,Oxford Utd,,,,,,,,,
E3,09/04/2016,Dagenham & Red.,Portsmouth,,,,,,,,,
E3,09/04/2016,Luton,Accrington,,,,,,,,,
E3,09/04/2016,Morecambe,Hartlepool,,,,,,,,,
E3,09/04/2016,Newport,Cambridge Utd,,,,,,,,,
E3,09/04/2016,Northampton,Bristol Rovers,,,,,,,,,
E3,09/04/2016,Notts County,Stevenage,,,,,,,,,
E3,09/04/2016,Plymouth,Wimbledon,,,,,,,,,
E3,09/04/2016,Yeovil,Exeter,,,,,,,,,
E3,09/04/2016,York,Wycombe,,,,,,,,,
SC0,09/04/2016,Dundee Utd,Inverness,,,,,,,,,
SC0,09/04/2016,Hamilton,Dundee FC,,,,,,,,,
SC0,09/04/2016,Hearts,Aberdeen,,,,,,,,,
SC0,09/04/2016,Kilmarnock,St. Johnstone,,,,,,,,,
SC0,09/04/2016,Motherwell,Celtic,,,,,,,,,
SC0,09/04/2016,Ross County,Partick,,,,,,,,,
E1,15/04/2016,Brighton,Fulham,,,,,,,,,
E0,16/04/2016,Arsenal,Crystal Palace,,,,,,,,,
E0,16/04/2016,Bournemouth,Liverpool,,,,,,,,,
E0,16/04/2016,Chelsea,Manchester City,,,,,,,,,
E0,16/04/2016,Everton,Southampton,,,,,,,,,
E0,16/04/2016,Leicester,West Ham,,,,,,,,,
E0,16/04/2016,Manchester Utd,Aston Villa,,,,,,,,,
E0,16/04/2016,Newcastle,Swansea,,,,,,,,,
E0,16/04/2016,Norwich,Sunderland,,,,,,,,,
E0,16/04/2016,Stoke,Tottenham,,,,,,,,,
E0,16/04/2016,West Brom,Watford,,,,,,,,,
E1,16/04/2016,Birmingham,Burnley,,,,,,,,,
E1,16/04/2016,Blackburn,Huddersfield,,,,,,,,,
E1,16/04/2016,Bolton,Middlesbrough,,,,,,,,,
E1,16/04/2016,Brentford,Bristol City,,,,,,,,,
E1,16/04/2016,Cardiff,QPR,,,,,,,,,
E1,16/04/2016,Charlton,Derby,,,,,,,,,
E1,16/04/2016,Hull,Wolves,,,,,,,,,
E1,16/04/2016,Leeds,Reading,,,,,,,,,
E1,16/04/2016,Preston,Milton Keynes,,,,,,,,,
E1,16/04/2016,Rotherham,Nottingham,,,,,,,,,
E1,16/04/2016,Sheffield Wed,Ipswich,,,,,,,,,
E2,16/04/2016,Burton,Barnsley,,,,,,,,,
E2,16/04/2016,Chesterfield,Sheffield Utd,,,,,,,,,
E2,16/04/2016,Colchester,Peterborough,,,,,,,,,
E2,16/04/2016,Coventry,Millwall,,,,,,,,,
E2,16/04/2016,Crewe,Scunthorpe,,,,,,,,,
E2,16/04/2016,Doncaster,Wigan,,,,,,,,,
E2,16/04/2016,Fleetwood,Oldham,,,,,,,,,
E2,16/04/2016,Gillingham FC,Port Vale,,,,,,,,,
E2,16/04/2016,Rochdale,Blackpool,,,,,,,,,
E2,16/04/2016,Shrewsbury,Bradford,,,,,,,,,
E2,16/04/2016,Swindon,Bury,,,,,,,,,
E2,16/04/2016,Walsall,Southend,,,,,,,,,
E3,16/04/2016,Accrington,Morecambe,,,,,,,,,
E3,16/04/2016,Bristol Rovers,Yeovil,,,,,,,,,
E3,16/04/2016,Cambridge Utd,Carlisle,,,,,,,,,
E3,16/04/2016,Exeter,Northampton,,,,,,,,,
E3,16/04/2016,Hartlepool,York,,,,,,,,,
E3,16/04/2016,Leyton Orient,Dagenham & Red.,,,,,,,,,
E3,16/04/2016,Mansfield,Notts County,,,,,,,,,
E3,16/04/2016,Oxford Utd,Luton,,,,,,,,,
E3,16/04/2016,Portsmouth,Plymouth,,,,,,,,,
E3,16/04/2016,Stevenage,Newport,,,,,,,,,
E3,16/04/2016,Wimbledon,Crawley Town,,,,,,,,,
E3,16/04/2016,Wycombe,Barnet,,,,,,,,,
E1,19/04/2016,Birmingham,Preston,,,,,,,,,
E1,19/04/2016,Brentford,Cardiff,,,,,,,,,
E1,19/04/2016,Brighton,QPR,,,,,,,,,
E1,19/04/2016,Bristol City,Derby,,,,,,,,,
E1,19/04/2016,Burnley,Middlesbrough,,,,,,,,,
E1,19/04/2016,Ipswich,Fulham,,,,,,,,,
E1,19/04/2016,Leeds,Wolves,,,,,,,,,
E1,19/04/2016,Nottingham,Blackburn,,,,,,,,,
E1,19/04/2016,Rotherham,Huddersfield,,,,,,,,,
E1,19/04/2016,Sheffield Wed,Milton Keynes,,,,,,,,,
E1,19/04/2016,Bolton,Charlton,,,,,,,,,
E1,19/04/2016,Reading,Hull,,,,,,,,,
E2,19/04/2016,Barnsley,Peterborough,,,,,,,,,
E2,19/04/2016,Blackpool,Port Vale,,,,,,,,,
E2,19/04/2016,Burton,Wigan,,,,,,,,,
E2,19/04/2016,Chesterfield,Doncaster,,,,,,,,,
E2,19/04/2016,Coventry,Bradford,,,,,,,,,
E2,19/04/2016,Crewe,Colchester,,,,,,,,,
E2,19/04/2016,Millwall,Fleetwood,,,,,,,,,
E2,19/04/2016,Rochdale,Gillingham FC,,,,,,,,,
E2,19/04/2016,Scunthorpe,Bury,,,,,,,,,
E2,19/04/2016,Shrewsbury,Sheffield Utd,,,,,,,,,
E2,19/04/2016,Southend,Oldham,,,,,,,,,
E2,19/04/2016,Walsall,Swindon,,,,,,,,,
E3,19/04/2016,Barnet,Notts County,,,,,,,,,
E3,19/04/2016,Cambridge Utd,Morecambe,,,,,,,,,
E3,19/04/2016,Carlisle,Luton,,,,,,,,,
E3,19/04/2016,Dagenham & Red.,Wimbledon,,,,,,,,,
E3,19/04/2016,Exeter,Mansfield,,,,,,,,,
E3,19/04/2016,Hartlepool,Accrington,,,,,,,,,
E3,19/04/2016,Leyton Orient,Plymouth,,,,,,,,,
E3,19/04/2016,Newport,Oxford Utd,,,,,,,,,
E3,19/04/2016,Northampton,Crawley Town,,,,,,,,,
E3,19/04/2016,Stevenage,Bristol Rovers,,,,,,,,,
E3,19/04/2016,Wycombe,Yeovil,,,,,,,,,
E3,19/04/2016,York,Portsmouth,,,,,,,,,
E0,23/04/2016,Aston Villa,Southampton,,,,,,,,,
E0,23/04/2016,Bournemouth,Chelsea,,,,,,,,,
E0,23/04/2016,Crystal Palace,Everton,,,,,,,,,
E0,23/04/2016,Leicester,Swansea,,,,,,,,,
E0,23/04/2016,Liverpool,Newcastle,,,,,,,,,
E0,23/04/2016,Manchester City,Stoke,,,,,,,,,
E0,23/04/2016,Norwich,Watford,,,,,,,,,
E0,23/04/2016,Sunderland,Arsenal,,,,,,,,,
E0,23/04/2016,Tottenham,West Brom,,,,,,,,,
E0,23/04/2016,West Ham,Manchester Utd,,,,,,,,,
E1,23/04/2016,Blackburn,Bristol City,,,,,,,,,
E1,23/04/2016,Cardiff,Bolton,,,,,,,,,
E1,23/04/2016,Charlton,Brighton,,,,,,,,,
E1,23/04/2016,Derby,Sheffield Wed,,,,,,,,,
E1,23/04/2016,Fulham,Nottingham,,,,,,,,,
E1,23/04/2016,Huddersfield,Birmingham,,,,,,,,,
E1,23/04/2016,Hull,Leeds,,,,,,,,,
E1,23/04/2016,Middlesbrough,Ipswich,,,,,,,,,
E1,23/04/2016,Milton Keynes,Brentford,,,,,,,,,
E1,23/04/2016,Preston,Burnley,,,,,,,,,
E1,23/04/2016,QPR,Reading,,,,,,,,,
E1,23/04/2016,Wolves,Rotherham,,,,,,,,,
E2,23/04/2016,Bradford,Walsall,,,,,,,,,
E2,23/04/2016,Bury,Millwall,,,,,,,,,
E2,23/04/2016,Colchester,Burton,,,,,,,,,
E2,23/04/2016,Doncaster,Coventry,,,,,,,,,
E2,23/04/2016,Fleetwood,Blackpool,,,,,,,,,
E2,23/04/2016,Gillingham FC,Shrewsbury,,,,,,,,,
E2,23/04/2016,Oldham,Crewe,,,,,,,,,
E2,23/04/2016,Peterborough,Scunthorpe,,,,,,,,,
E2,23/04/2016,Port Vale,Rochdale,,,,,,,,,
E2,23/04/2016,Sheffield Utd,Barnsley,,,,,,,,,
E2,23/04/2016,Swindon,Chesterfield,,,,,,,,,
E2,23/04/2016,Wigan,Southend,,,,,,,,,
E3,23/04/2016,Accrington,York,,,,,,,,,
E3,23/04/2016,Bristol Rovers,Exeter,,,,,,,,,
E3,23/04/2016,Crawley Town,Carlisle,,,,,,,,,
E3,23/04/2016,Luton,Newport,,,,,,,,,
E3,23/04/2016,Mansfield,Barnet,,,,,,,,,
E3,23/04/2016,Morecambe,Stevenage,,,,,,,,,
E3,23/04/2016,Notts County,Cambridge Utd,,,,,,,,,
E3,23/04/2016,Oxford Utd,Hartlepool,,,,,,,,,
E3,23/04/2016,Plymouth,Dagenham & Red.,,,,,,,,,
E3,23/04/2016,Portsmouth,Wycombe,,,,,,,,,
E3,23/04/2016,Wimbledon,Leyton Orient,,,,,,,,,
E3,23/04/2016,Yeovil,Northampton,,,,,,,,,
E0,30/04/2016,Arsenal,Norwich,,,,,,,,,
E0,30/04/2016,Chelsea,Tottenham,,,,,,,,,
E0,30/04/2016,Everton,Bournemouth,,,,,,,,,
E0,30/04/2016,Manchester Utd,Leicester,,,,,,,,,
E0,30/04/2016,Newcastle,Crystal Palace,,,,,,,,,
E0,30/04/2016,Southampton,Manchester City,,,,,,,,,
E0,30/04/2016,Stoke,Sunderland,,,,,,,,,
E0,30/04/2016,Swansea,Liverpool,,,,,,,,,
E0,30/04/2016,Watford,Aston Villa,,,,,,,,,
E0,30/04/2016,West Brom,West Ham,,,,,,,,,
E1,30/04/2016,Birmingham,Middlesbrough,,,,,,,,,
E1,30/04/2016,Bolton,Hull,,,,,,,,,
E1,30/04/2016,Brentford,Fulham,,,,,,,,,
E1,30/04/2016,Brighton,Derby,,,,,,,,,
E1,30/04/2016,Bristol City,Huddersfield,,,,,,,,,
E1,30/04/2016,Burnley,QPR,,,,,,,,,
E1,30/04/2016,Ipswich,Milton Keynes,,,,,,,,,
E1,30/04/2016,Leeds,Charlton,,,,,,,,,
E1,30/04/2016,Nottingham,Wolves,,,,,,,,,
E1,30/04/2016,Reading,Preston,,,,,,,,,
E1,30/04/2016,Rotherham,Blackburn,,,,,,,,,
E1,30/04/2016,Sheffield Wed,Cardiff,,,,,,,,,
E2,30/04/2016,Barnsley,Colchester,,,,,,,,,
E2,30/04/2016,Blackpool,Wigan,,,,,,,,,
E2,30/04/2016,Burton,Gillingham FC,,,,,,,,,
E2,30/04/2016,Chesterfield,Bury,,,,,,,,,
E2,30/04/2016,Coventry,Sheffield Utd,,,,,,,,,
E2,30/04/2016,Crewe,Doncaster,,,,,,,,,
E2,30/04/2016,Millwall,Oldham,,,,,,,,,
E2,30/04/2016,Rochdale,Swindon,,,,,,,,,
E2,30/04/2016,Scunthorpe,Port Vale,,,,,,,,,
E2,30/04/2016,Shrewsbury,Peterborough,,,,,,,,,
E2,30/04/2016,Southend,Bradford,,,,,,,,,
E2,30/04/2016,Walsall,Fleetwood,,,,,,,,,
E3,30/04/2016,Barnet,Yeovil,,,,,,,,,
E3,30/04/2016,Cambridge Utd,Plymouth,,,,,,,,,
E3,30/04/2016,Carlisle,Oxford Utd,,,,,,,,,
E3,30/04/2016,Dagenham & Red.,Crawley Town,,,,,,,,,
E3,30/04/2016,Exeter,Morecambe,,,,,,,,,
E3,30/04/2016,Hartlepool,Portsmouth,,,,,,,,,
E3,30/04/2016,Leyton Orient,Mansfield,,,,,,,,,
E3,30/04/2016,Newport,Notts County,,,,,,,,,
E3,30/04/2016,Northampton,Luton,,,,,,,,,
E3,30/04/2016,Stevenage,Wimbledon,,,,,,,,,
E3,30/04/2016,Wycombe,Accrington,,,,,,,,,
E3,30/04/2016,York,Bristol Rovers,,,,,,,,,
E0,07/05/2016,Aston Villa,Newcastle,,,,,,,,,
E0,07/05/2016,Bournemouth,West Brom,,,,,,,,,
E0,07/05/2016,Crystal Palace,Stoke,,,,,,,,,
E0,07/05/2016,Leicester,Everton,,,,,,,,,
E0,07/05/2016,Liverpool,Watford,,,,,,,,,
E0,07/05/2016,Manchester City,Arsenal,,,,,,,,,
E0,07/05/2016,Norwich,Manchester Utd,,,,,,,,,
E0,07/05/2016,Sunderland,Chelsea,,,,,,,,,
E0,07/05/2016,Tottenham,Southampton,,,,,,,,,
E0,07/05/2016,West Ham,Swansea,,,,,,,,,
E1,07/05/2016,Blackburn,Reading,,,,,,,,,
E1,07/05/2016,Cardiff,Birmingham,,,,,,,,,
E1,07/05/2016,Charlton,Burnley,,,,,,,,,
E1,07/05/2016,Derby,Ipswich,,,,,,,,,
E1,07/05/2016,Fulham,Bolton,,,,,,,,,
E1,07/05/2016,Huddersfield,Brentford,,,,,,,,,
E1,07/05/2016,Hull,Rotherham,,,,,,,,,
E1,07/05/2016,Middlesbrough,Brighton,,,,,,,,,
E1,07/05/2016,Milton Keynes,Nottingham,,,,,,,,,
E1,07/05/2016,Preston,Leeds,,,,,,,,,
E1,07/05/2016,QPR,Bristol City,,,,,,,,,
E1,07/05/2016,Wolves,Sheffield Wed,,,,,,,,,
E3,07/05/2016,Accrington,Stevenage,,,,,,,,,
E3,07/05/2016,Bristol Rovers,Dagenham & Red.,,,,,,,,,
E3,07/05/2016,Crawley Town,Barnet,,,,,,,,,
E3,07/05/2016,Luton,Exeter,,,,,,,,,
E3,07/05/2016,Mansfield,Cambridge Utd,,,,,,,,,
E3,07/05/2016,Morecambe,York,,,,,,,,,
E3,07/05/2016,Notts County,Carlisle,,,,,,,,,
E3,07/05/2016,Oxford Utd,Wycombe,,,,,,,,,
E3,07/05/2016,Plymouth,Hartlepool,,,,,,,,,
E3,07/05/2016,Portsmouth,Northampton,,,,,,,,,
E3,07/05/2016,Wimbledon,Newport,,,,,,,,,
E3,07/05/2016,Yeovil,Leyton Orient,,,,,,,,,
E2,08/05/2016,Bradford,Chesterfield,,,,,,,,,
E2,08/05/2016,Bury,Southend,,,,,,,,,
E2,08/05/2016,Colchester,Rochdale,,,,,,,,,
E2,08/05/2016,Doncaster,Burton,,,,,,,,,
E2,08/05/2016,Fleetwood,Crewe,,,,,,,,,
E2,08/05/2016,Gillingham FC,Millwall,,,,,,,,,
E2,08/05/2016,Oldham,Coventry,,,,,,,,,
E2,08/05/2016,Peterborough,Blackpool,,,,,,,,,
E2,08/05/2016,Port Vale,Walsall,,,,,,,,,
E2,08/05/2016,Sheffield Utd,Scunthorpe,,,,,,,,,
E2,08/05/2016,Swindon,Shrewsbury,,,,,,,,,
E2,08/05/2016,Wigan,Barnsley,,,,,,,,,
E0,15/05/2016,Arsenal,Aston Villa,,,,,,,,,
E0,15/05/2016,Chelsea,Leicester,,,,,,,,,
E0,15/05/2016,Everton,Norwich,,,,,,,,,
E0,15/05/2016,Manchester Utd,Bournemouth,,,,,,,,,
E0,15/05/2016,Newcastle,Tottenham,,,,,,,,,
E0,15/05/2016,Southampton,Crystal Palace,,,,,,,,,
E0,15/05/2016,Stoke,West Ham,,,,,,,,,
E0,15/05/2016,Swansea,Manchester City,,,,,,,,,
E0,15/05/2016,Watford,Sunderland,,,,,,,,,
E0,15/05/2016,West Brom,Liverpool,,,,,,,,,
SC0,01/08/2015,Celtic,Ross County,,,,,,,,,
SC0,01/08/2015,Hamilton,Partick,,,,,,,,,
SC0,01/08/2015,Inverness,Motherwell,,,,,,,,,
SC0,01/08/2015,Kilmarnock,Dundee FC,,,,,,,,,
SC0,02/08/2015,Hearts,St. Johnstone,,,,,,,,,
SC0,02/08/2015,Dundee Utd,Aberdeen,,,,,,,,,
E1,07/08/2015,Brighton,Nottingham,,,,,,,,,
E0,08/08/2015,Arsenal,West Ham,,,,,,,,,
E0,08/08/2015,Bournemouth,Aston Villa,,,,,,,,,
E0,08/08/2015,Chelsea,Swansea,,,,,,,,,
E0,08/08/2015,Everton,Watford,,,,,,,,,
E0,08/08/2015,Leicester,Sunderland,,,,,,,,,
E0,08/08/2015,Manchester Utd,Tottenham,,,,,,,,,
E0,08/08/2015,Newcastle,Southampton,,,,,,,,,
E0,08/08/2015,Norwich,Crystal Palace,,,,,,,,,
E0,08/08/2015,Stoke,Liverpool,,,,,,,,,
E0,08/08/2015,West Brom,Manchester City,,,,,,,,,
E1,08/08/2015,Cardiff,Fulham,,,,,,,,,
E1,08/08/2015,Leeds,Burnley,,,,,,,,,
E1,08/08/2015,Birmingham,Reading,,,,,,,,,
E1,08/08/2015,Blackburn,Wolves,,,,,,,,,
E1,08/08/2015,Bolton,Derby,,,,,,,,,
E1,08/08/2015,Brentford,Ipswich,,,,,,,,,
E1,08/08/2015,Charlton,QPR,,,,,,,,,
E1,08/08/2015,Hull,Huddersfield,,,,,,,,,
E1,08/08/2015,Rotherham,Milton Keynes,,,,,,,,,
E1,08/08/2015,Sheffield Wed,Bristol City,,,,,,,,,
E2,08/08/2015,Burton,Scunthorpe,,,,,,,,,
E2,08/08/2015,Chesterfield,Barnsley,,,,,,,,,
E2,08/08/2015,Colchester,Blackpool,,,,,,,,,
E2,08/08/2015,Coventry,Wigan,,,,,,,,,
E2,08/08/2015,Crewe,Port Vale,,,,,,,,,
E2,08/08/2015,Doncaster,Bury,,,,,,,,,
E2,08/08/2015,Fleetwood,Southend,,,,,,,,,
E2,08/08/2015,Gillingham FC,Sheffield Utd,,,,,,,,,
E2,08/08/2015,Rochdale,Peterborough,,,,,,,,,
E2,08/08/2015,Shrewsbury,Millwall,,,,,,,,,
E2,08/08/2015,Swindon,Bradford,,,,,,,,,
E2,08/08/2015,Walsall,Oldham,,,,,,,,,
E3,08/08/2015,Accrington,Luton,,,,,,,,,
E3,08/08/2015,Bristol Rovers,Northampton,,,,,,,,,
E3,08/08/2015,Cambridge Utd,Newport,,,,,,,,,
E3,08/08/2015,Exeter,Yeovil,,,,,,,,,
E3,08/08/2015,Hartlepool,Morecambe,,,,,,,,,
E3,08/08/2015,Leyton Orient,Barnet,,,,,,,,,
E3,08/08/2015,Mansfield,Carlisle,,,,,,,,,
E3,08/08/2015,Oxford Utd,Crawley Town,,,,,,,,,
E3,08/08/2015,Portsmouth,Dagenham & Red.,,,,,,,,,
E3,08/08/2015,Stevenage,Notts County,,,,,,,,,
E3,08/08/2015,Wimbledon,Plymouth,,,,,,,,,
E3,08/08/2015,Wycombe,York,,,,,,,,,
SC0,08/08/2015,Aberdeen,Kilmarnock,,,,,,,,,
SC0,08/08/2015,Dundee FC,Hearts,,,,,,,,,
SC0,08/08/2015,Motherwell,Dundee Utd,,,,,,,,,
SC0,08/08/2015,Partick,Celtic,,,,,,,,,
SC0,08/08/2015,Ross County,Hamilton,,,,,,,,,
SC0,08/08/2015,St. Johnstone,Inverness,,,,,,,,,
E1,09/08/2015,Preston,Middlesbrough,,,,,,,,,
SC0,12/08/2015,Aberdeen,Hamilton,,,,,,,,,
SC0,12/08/2015,Dundee Utd,Dundee FC,,,,,,,,,
SC0,12/08/2015,Hearts,Motherwell,,,,,,,,,
SC0,12/08/2015,Inverness,Partick,,,,,,,,,
SC0,12/08/2015,Kilmarnock,Celtic,,,,,,,,,
SC0,12/08/2015,St. Johnstone,Ross County,,,,,,,,,
E3,14/08/2015,Notts County,Mansfield,,,,,,,,,
E0,15/08/2015,Aston Villa,Manchester Utd,,,,,,,,,
E0,15/08/2015,Crystal Palace,Arsenal,,,,,,,,,
E0,15/08/2015,Liverpool,Bournemouth,,,,,,,,,
E0,15/08/2015,Manchester City,Chelsea,,,,,,,,,
E0,15/08/2015,Southampton,Everton,,,,,,,,,
E0,15/08/2015,Sunderland,Norwich,,,,,,,,,
E0,15/08/2015,Swansea,Newcastle,,,,,,,,,
E0,15/08/2015,Tottenham,Stoke,,,,,,,,,
E0,15/08/2015,Watford,West Brom,,,,,,,,,
E0,15/08/2015,West Ham,Leicester,,,,,,,,,
E1,15/08/2015,Bristol City,Brentford,,,,,,,,,
E1,15/08/2015,Burnley,Birmingham,,,,,,,,,
E1,15/08/2015,Derby,Charlton,,,,,,,,,
E1,15/08/2015,Fulham,Brighton,,,,,,,,,
E1,15/08/2015,Huddersfield,Blackburn,,,,,,,,,
E1,15/08/2015,Ipswich,Sheffield Wed,,,,,,,,,
E1,15/08/2015,Middlesbrough,Bolton,,,,,,,,,
E1,15/08/2015,Milton Keynes,Preston,,,,,,,,,
E1,15/08/2015,Nottingham,Rotherham,,,,,,,,,
E1,15/08/2015,QPR,Cardiff,,,,,,,,,
E2,15/08/2015,Barnsley,Burton,,,,,,,,,
E2,15/08/2015,Blackpool,Rochdale,,,,,,,,,
E2,15/08/2015,Bradford,Shrewsbury,,,,,,,,,
E2,15/08/2015,Bury,Swindon,,,,,,,,,
E2,15/08/2015,Millwall,Coventry,,,,,,,,,
E2,15/08/2015,Oldham,Fleetwood,,,,,,,,,
E2,15/08/2015,Peterborough,Colchester,,,,,,,,,
E2,15/08/2015,Port Vale,Gillingham FC,,,,,,,,,
E2,15/08/2015,Scunthorpe,Crewe,,,,,,,,,
E2,15/08/2015,Sheffield Utd,Chesterfield,,,,,,,,,
E2,15/08/2015,Southend,Walsall,,,,,,,,,
E3,15/08/2015,Barnet,Wycombe,,,,,,,,,
E3,15/08/2015,Carlisle,Cambridge Utd,,,,,,,,,
E3,15/08/2015,Crawley Town,Wimbledon,,,,,,,,,
E3,15/08/2015,Dagenham & Red.,Leyton Orient,,,,,,,,,
E3,15/08/2015,Luton,Oxford Utd,,,,,,,,,
E3,15/08/2015,Morecambe,Accrington,,,,,,,,,
E3,15/08/2015,Newport,Stevenage,,,,,,,,,
E3,15/08/2015,Northampton,Exeter,,,,,,,,,
E3,15/08/2015,Plymouth,Portsmouth,,,,,,,,,
E3,15/08/2015,Yeovil,Bristol Rovers,,,,,,,,,
E3,15/08/2015,York,Hartlepool,,,,,,,,,
SC0,15/08/2015,Celtic,Inverness,,,,,,,,,
SC0,15/08/2015,Dundee FC,St. Johnstone,,,,,,,,,
SC0,15/08/2015,Hamilton,Dundee Utd,,,,,,,,,
SC0,15/08/2015,Motherwell,Aberdeen,,,,,,,,,
SC0,15/08/2015,Partick,Kilmarnock,,,,,,,,,
SC0,15/08/2015,Ross County,Hearts,,,,,,,,,
E1,16/08/2015,Wolves,Hull,,,,,,,,,
E1,16/08/2015,Reading,Leeds,,,,,,,,,
E2,16/08/2015,Wigan,Doncaster,,,,,,,,,
E1,18/08/2015,Blackburn,Cardiff,,,,,,,,,
E1,18/08/2015,Brentford,Birmingham,,,,,,,,,
E1,18/08/2015,Derby,Middlesbrough,,,,,,,,,
E1,18/08/2015,Huddersfield,Brighton,,,,,,,,,
E1,18/08/2015,Ipswich,Burnley,,,,,,,,,
E1,18/08/2015,Milton Keynes,Bolton,,,,,,,,,
E1,18/08/2015,Nottingham,Charlton,,,,,,,,,
E1,18/08/2015,Rotherham,Preston,,,,,,,,,
E2,18/08/2015,Peterborough,Sheffield Utd,,,,,,,,,
E2,18/08/2015,Blackpool,Burton,,,,,,,,,
E2,18/08/2015,Bradford,Gillingham FC,,,,,,,,,
E2,18/08/2015,Bury,Fleetwood,,,,,,,,,
E2,18/08/2015,Colchester,Oldham,,,,,,,,,
E2,18/08/2015,Coventry,Crewe,,,,,,,,,
E2,18/08/2015,Millwall,Barnsley,,,,,,,,,
E2,18/08/2015,Rochdale,Walsall,,,,,,,,,
E2,18/08/2015,Shrewsbury,Chesterfield,,,,,,,,,
E2,18/08/2015,Swindon,Port Vale,,,,,,,,,
E3,18/08/2015,Accrington,Mansfield,,,,,,,,,
E3,18/08/2015,Barnet,Northampton,,,,,,,,,
E3,18/08/2015,Crawley Town,Portsmouth,,,,,,,,,
E3,18/08/2015,Dagenham & Red.,Exeter,,,,,,,,,
E3,18/08/2015,Hartlepool,Newport,,,,,,,,,
E3,18/08/2015,Leyton Orient,Stevenage,,,,,,,,,
E3,18/08/2015,Luton,Bristol Rovers,,,,,,,,,
E3,18/08/2015,Morecambe,Wycombe,,,,,,,,,
E3,18/08/2015,Oxford Utd,Notts County,,,,,,,,,
E3,18/08/2015,Plymouth,Carlisle,,,,,,,,,
E3,18/08/2015,Wimbledon,Cambridge Utd,,,,,,,,,
E3,18/08/2015,York,Yeovil,,,,,,,,,
E1,19/08/2015,Bristol City,Leeds,,,,,,,,,
E1,19/08/2015,Hull,Fulham,,,,,,,,,
E1,19/08/2015,Sheffield Wed,Reading,,,,,,,,,
E1,19/08/2015,Wolves,QPR,,,,,,,,,
E2,19/08/2015,Doncaster,Southend,,,,,,,,,
E2,19/08/2015,Wigan,Scunthorpe,,,,,,,,,
E1,21/08/2015,Birmingham,Derby,,,,,,,,,
E0,22/08/2015,Arsenal,Liverpool,,,,,,,,,
E0,22/08/2015,Crystal Palace,Aston Villa,,,,,,,,,
E0,22/08/2015,Everton,Manchester City,,,,,,,,,
E0,22/08/2015,Leicester,Tottenham,,,,,,,,,
E0,22/08/2015,Manchester Utd,Newcastle,,,,,,,,,
E0,22/08/2015,Norwich,Stoke,,,,,,,,,
E0,22/08/2015,Sunderland,Swansea,,,,,,,,,
E0,22/08/2015,Watford,Southampton,,,,,,,,,
E0,22/08/2015,West Brom,Chelsea,,,,,,,,,
E0,22/08/2015,West Ham,Bournemouth,,,,,,,,,
E1,22/08/2015,Leeds,Sheffield Wed,,,,,,,,,
E1,22/08/2015,Bolton,Nottingham,,,,,,,,,
E1,22/08/2015,Brighton,Blackburn,,,,,,,,,
E1,22/08/2015,Burnley,Brentford,,,,,,,,,
E1,22/08/2015,Cardiff,Wolves,,,,,,,,,
E1,22/08/2015,Charlton,Hull,,,,,,,,,
E1,22/08/2015,Fulham,Huddersfield,,,,,,,,,
E1,22/08/2015,Middlesbrough,Bristol City,,,,,,,,,
E1,22/08/2015,Preston,Ipswich,,,,,,,,,
E1,22/08/2015,QPR,Rotherham,,,,,,,,,
E1,22/08/2015,Reading,Milton Keynes,,,,,,,,,
E2,22/08/2015,Barnsley,Bradford,,,,,,,,,
E2,22/08/2015,Burton,Peterborough,,,,,,,,,
E2,22/08/2015,Chesterfield,Rochdale,,,,,,,,,
E2,22/08/2015,Crewe,Bury,,,,,,,,,
E2,22/08/2015,Fleetwood,Colchester,,,,,,,,,
E2,22/08/2015,Gillingham FC,Wigan,,,,,,,,,
E2,22/08/2015,Oldham,Shrewsbury,,,,,,,,,
E2,22/08/2015,Port Vale,Doncaster,,,,,,,,,
E2,22/08/2015,Scunthorpe,Millwall,,,,,,,,,
E2,22/08/2015,Sheffield Utd,Blackpool,,,,,,,,,
E2,22/08/2015,Southend,Swindon,,,,,,,,,
E2,22/08/2015,Walsall,Coventry,,,,,,,,,
E3,22/08/2015,Bristol Rovers,Barnet,,,,,,,,,
E3,22/08/2015,Cambridge Utd,Crawley Town,,,,,,,,,
E3,22/08/2015,Carlisle,Wimbledon,,,,,,,,,
E3,22/08/2015,Exeter,York,,,,,,,,,
E3,22/08/2015,Mansfield,Oxford Utd,,,,,,,,,
E3,22/08/2015,Newport,Leyton Orient,,,,,,,,,
E3,22/08/2015,Northampton,Plymouth,,,,,,,,,
E3,22/08/2015,Notts County,Accrington,,,,,,,,,
E3,22/08/2015,Portsmouth,Morecambe,,,,,,,,,
E3,22/08/2015,Stevenage,Hartlepool,,,,,,,,,
E3,22/08/2015,Wycombe,Dagenham & Red.,,,,,,,,,
E3,22/08/2015,Yeovil,Luton,,,,,,,,,
SC0,22/08/2015,Aberdeen,Dundee FC,,,,,,,,,
SC0,22/08/2015,Dundee Utd,Celtic,,,,,,,,,
SC0,22/08/2015,Hearts,Partick,,,,,,,,,
SC0,22/08/2015,Inverness,Hamilton,,,,,,,,,
SC0,22/08/2015,Kilmarnock,Ross County,,,,,,,,,
SC0,22/08/2015,St. Johnstone,Motherwell,,,,,,,,,
E1,28/08/2015,Blackburn,Bolton,,,,,,,,,
E0,29/08/2015,Aston Villa,Sunderland,,,,,,,,,
E0,29/08/2015,Bournemouth,Leicester,,,,,,,,,
E0,29/08/2015,Chelsea,Crystal Palace,,,,,,,,,
E0,29/08/2015,Liverpool,West Ham,,,,,,,,,
E0,29/08/2015,Manchester City,Watford,,,,,,,,,
E0,29/08/2015,Newcastle,Arsenal,,,,,,,,,
E0,29/08/2015,Southampton,Norwich,,,,,,,,,
E0,29/08/2015,Stoke,West Brom,,,,,,,,,
E0,29/08/2015,Swansea,Manchester Utd,,,,,,,,,
E0,29/08/2015,Tottenham,Everton,,,,,,,,,
E1,29/08/2015,Derby,Leeds,,,,,,,,,
E1,29/08/2015,Brentford,Reading,,,,,,,,,
E1,29/08/2015,Bristol City,Burnley,,,,,,,,,
E1,29/08/2015,Huddersfield,QPR,,,,,,,,,
E1,29/08/2015,Hull,Preston,,,,,,,,,
E1,29/08/2015,Ipswich,Brighton,,,,,,,,,
E1,29/08/2015,Milton Keynes,Birmingham,,,,,,,,,
E1,29/08/2015,Nottingham,Cardiff,,,,,,,,,
E1,29/08/2015,Rotherham,Fulham,,,,,,,,,
E1,29/08/2015,Sheffield Wed,Middlesbrough,,,,,,,,,
E1,29/08/2015,Wolves,Charlton,,,,,,,,,
E2,29/08/2015,Blackpool,Walsall,,,,,,,,,
E2,29/08/2015,Bradford,Port Vale,,,,,,,,,
E2,29/08/2015,Bury,Oldham,,,,,,,,,
E2,29/08/2015,Colchester,Scunthorpe,,,,,,,,,
E2,29/08/2015,Coventry,Southend,,,,,,,,,
E2,29/08/2015,Doncaster,Fleetwood,,,,,,,,,
E2,29/08/2015,Millwall,Chesterfield,,,,,,,,,
E2,29/08/2015,Peterborough,Gillingham FC,,,,,,,,,
E2,29/08/2015,Rochdale,Barnsley,,,,,,,,,
E2,29/08/2015,Shrewsbury,Burton,,,,,,,,,
E2,29/08/2015,Swindon,Sheffield Utd,,,,,,,,,
E2,29/08/2015,Wigan,Crewe,,,,,,,,,
E3,29/08/2015,Accrington,Northampton,,,,,,,,,
E3,29/08/2015,Barnet,Cambridge Utd,,,,,,,,,
E3,29/08/2015,Crawley Town,Wycombe,,,,,,,,,
E3,29/08/2015,Dagenham & Red.,Stevenage,,,,,,,,,
E3,29/08/2015,Hartlepool,Carlisle,,,,,,,,,
E3,29/08/2015,Leyton Orient,Bristol Rovers,,,,,,,,,
E3,29/08/2015,Luton,Portsmouth,,,,,,,,,
E3,29/08/2015,Morecambe,Notts County,,,,,,,,,
E3,29/08/2015,Oxford Utd,Yeovil,,,,,,,,,
E3,29/08/2015,Plymouth,Newport,,,,,,,,,
E3,29/08/2015,Wimbledon,Exeter,,,,,,,,,
E3,29/08/2015,York,Mansfield,,,,,,,,,
SC0,29/08/2015,Celtic,St. Johnstone,,,,,,,,,
SC0,29/08/2015,Dundee FC,Inverness,,,,,,,,,
SC0,29/08/2015,Hamilton,Hearts,,,,,,,,,
SC0,29/08/2015,Motherwell,Kilmarnock,,,,,,,,,
SC0,29/08/2015,Partick,Aberdeen,,,,,,,,,
SC0,29/08/2015,Ross County,Dundee Utd,,,,,,,,,
E2,05/09/2015,Southend,Peterborough,,,,,,,,,
E2,05/09/2015,Barnsley,Shrewsbury,,,,,,,,,
E2,05/09/2015,Chesterfield,Wigan,,,,,,,,,
E2,05/09/2015,Crewe,Swindon,,,,,,,,,
E2,05/09/2015,Fleetwood,Rochdale,,,,,,,,,
E2,05/09/2015,Gillingham FC,Doncaster,,,,,,,,,
E2,05/09/2015,Oldham,Bradford,,,,,,,,,
E2,05/09/2015,Port Vale,Millwall,,,,,,,,,
E2,05/09/2015,Scunthorpe,Blackpool,,,,,,,,,
E2,05/09/2015,Sheffield Utd,Colchester,,,,,,,,,
E2,05/09/2015,Walsall,Bury,,,,,,,,,
E3,05/09/2015,Carlisle,Barnet,,,,,,,,,
E3,05/09/2015,Cambridge Utd,Luton,,,,,,,,,
E3,05/09/2015,Exeter,Leyton Orient,,,,,,,,,
E3,05/09/2015,Mansfield,Wimbledon,,,,,,,,,
E3,05/09/2015,Newport,York,,,,,,,,,
E3,05/09/2015,Northampton,Dagenham & Red.,,,,,,,,,
E3,05/09/2015,Notts County,Crawley Town,,,,,,,,,
E3,05/09/2015,Portsmouth,Accrington,,,,,,,,,
E3,05/09/2015,Stevenage,Plymouth,,,,,,,,,
E3,05/09/2015,Wycombe,Hartlepool,,,,,,,,,
E3,05/09/2015,Yeovil,Morecambe,,,,,,,,,
E2,06/09/2015,Burton,Coventry,,,,,,,,,
E3,06/09/2015,Bristol Rovers,Oxford Utd,,,,,,,,,
E1,11/09/2015,Reading,Ipswich,,,,,,,,,
E0,12/09/2015,Arsenal,Stoke,,,,,,,,,
E0,12/09/2015,Crystal Palace,Manchester City,,,,,,,,,
E0,12/09/2015,Everton,Chelsea,,,,,,,,,
E0,12/09/2015,Leicester,Aston Villa,,,,,,,,,
E0,12/09/2015,Manchester Utd,Liverpool,,,,,,,,,
E0,12/09/2015,Norwich,Bournemouth,,,,,,,,,
E0,12/09/2015,Sunderland,Tottenham,,,,,,,,,
E0,12/09/2015,Watford,Swansea,,,,,,,,,
E0,12/09/2015,West Brom,Southampton,,,,,,,,,
E0,12/09/2015,West Ham,Newcastle,,,,,,,,,
E1,12/09/2015,Birmingham,Bristol City,,,,,,,,,
E1,12/09/2015,Bolton,Wolves,,,,,,,,,
E1,12/09/2015,Brighton,Hull,,,,,,,,,
E1,12/09/2015,Burnley,Sheffield Wed,,,,,,,,,
E1,12/09/2015,Cardiff,Huddersfield,,,,,,,,,
E1,12/09/2015,Charlton,Rotherham,,,,,,,,,
E1,12/09/2015,Fulham,Blackburn,,,,,,,,,
E1,12/09/2015,Leeds,Brentford,,,,,,,,,
E1,12/09/2015,Middlesbrough,Milton Keynes,,,,,,,,,
E1,12/09/2015,Preston,Derby,,,,,,,,,
E1,12/09/2015,QPR,Nottingham,,,,,,,,,
E2,12/09/2015,Barnsley,Swindon,,,,,,,,,
E2,12/09/2015,Burton,Rochdale,,,,,,,,,
E2,12/09/2015,Chesterfield,Colchester,,,,,,,,,
E2,12/09/2015,Crewe,Millwall,,,,,,,,,
E2,12/09/2015,Fleetwood,Bradford,,,,,,,,,
E2,12/09/2015,Gillingham FC,Blackpool,,,,,,,,,
E2,12/09/2015,Oldham,Peterborough,,,,,,,,,
E2,12/09/2015,Port Vale,Wigan,,,,,,,,,
E2,12/09/2015,Scunthorpe,Coventry,,,,,,,,,
E2,12/09/2015,Sheffield Utd,Bury,,,,,,,,,
E2,12/09/2015,Southend,Shrewsbury,,,,,,,,,
E2,12/09/2015,Walsall,Doncaster,,,,,,,,,
E3,12/09/2015,Bristol Rovers,Accrington,,,,,,,,,
E3,12/09/2015,Cambridge Utd,Leyton Orient,,,,,,,,,
E3,12/09/2015,Carlisle,Dagenham & Red.,,,,,,,,,
E3,12/09/2015,Exeter,Hartlepool,,,,,,,,,
E3,12/09/2015,Mansfield,Crawley Town,,,,,,,,,
E3,12/09/2015,Newport,Morecambe,,,,,,,,,
E3,12/09/2015,Northampton,Oxford Utd,,,,,,,,,
E3,12/09/2015,Notts County,Luton,,,,,,,,,
E3,12/09/2015,Portsmouth,Barnet,,,,,,,,,
E3,12/09/2015,Stevenage,York,,,,,,,,,
E3,12/09/2015,Wycombe,Plymouth,,,,,,,,,
E3,12/09/2015,Yeovil,Wimbledon,,,,,,,,,
SC0,12/09/2015,Aberdeen,Celtic,,,,,,,,,
SC0,12/09/2015,Dundee Utd,Kilmarnock,,,,,,,,,
SC0,12/09/2015,Inverness,Hearts,,,,,,,,,
SC0,12/09/2015,Motherwell,Ross County,,,,,,,,,
SC0,12/09/2015,Partick,Dundee FC,,,,,,,,,
SC0,12/09/2015,St. Johnstone,Hamilton,,,,,,,,,
E1,15/09/2015,Birmingham,Nottingham,,,,,,,,,
E1,15/09/2015,Brighton,Rotherham,,,,,,,,,
E1,15/09/2015,Burnley,Milton Keynes,,,,,,,,,
E1,15/09/2015,Cardiff,Hull,,,,,,,,,
E1,15/09/2015,Charlton,Huddersfield,,,,,,,,,
E1,15/09/2015,Fulham,Wolves,,,,,,,,,
E1,15/09/2015,Leeds,Ipswich,,,,,,,,,
E1,15/09/2015,Middlesbrough,Brentford,,,,,,,,,
E1,15/09/2015,Preston,Bristol City,,,,,,,,,
E1,15/09/2015,QPR,Blackburn,,,,,,,,,
E1,15/09/2015,Bolton,Sheffield Wed,,,,,,,,,
E1,15/09/2015,Reading,Derby,,,,,,,,,
E0,19/09/2015,Aston Villa,West Brom,,,,,,,,,
E0,19/09/2015,Bournemouth,Sunderland,,,,,,,,,
E0,19/09/2015,Chelsea,Arsenal,,,,,,,,,
E0,19/09/2015,Liverpool,Norwich,,,,,,,,,
E0,19/09/2015,Manchester City,West Ham,,,,,,,,,
E0,19/09/2015,Newcastle,Watford,,,,,,,,,
E0,19/09/2015,Southampton,Manchester Utd,,,,,,,,,
E0,19/09/2015,Stoke,Leicester,,,,,,,,,
E0,19/09/2015,Swansea,Everton,,,,,,,,,
E0,19/09/2015,Tottenham,Crystal Palace,,,,,,,,,
E1,19/09/2015,Nottingham,Middlesbrough,,,,,,,,,
E1,19/09/2015,Blackburn,Charlton,,,,,,,,,
E1,19/09/2015,Brentford,Preston,,,,,,,,,
E1,19/09/2015,Bristol City,Reading,,,,,,,,,
E1,19/09/2015,Derby,Burnley,,,,,,,,,
E1,19/09/2015,Huddersfield,Bolton,,,,,,,,,
E1,19/09/2015,Hull,QPR,,,,,,,,,
E1,19/09/2015,Ipswich,Birmingham,,,,,,,,,
E1,19/09/2015,Milton Keynes,Leeds,,,,,,,,,
E1,19/09/2015,Rotherham,Cardiff,,,,,,,,,
E1,19/09/2015,Sheffield Wed,Fulham,,,,,,,,,
E1,19/09/2015,Wolves,Brighton,,,,,,,,,
E2,19/09/2015,Blackpool,Barnsley,,,,,,,,,
E2,19/09/2015,Bradford,Sheffield Utd,,,,,,,,,
E2,19/09/2015,Bury,Port Vale,,,,,,,,,
E2,19/09/2015,Colchester,Gillingham FC,,,,,,,,,
E2,19/09/2015,Coventry,Chesterfield,,,,,,,,,
E2,19/09/2015,Doncaster,Oldham,,,,,,,,,
E2,19/09/2015,Millwall,Southend,,,,,,,,,
E2,19/09/2015,Peterborough,Walsall,,,,,,,,,
E2,19/09/2015,Rochdale,Scunthorpe,,,,,,,,,
E2,19/09/2015,Shrewsbury,Crewe,,,,,,,,,
E2,19/09/2015,Swindon,Burton,,,,,,,,,
E2,19/09/2015,Wigan,Fleetwood,,,,,,,,,
E3,19/09/2015,Accrington,Exeter,,,,,,,,,
E3,19/09/2015,Barnet,Stevenage,,,,,,,,,
E3,19/09/2015,Crawley Town,Yeovil,,,,,,,,,
E3,19/09/2015,Dagenham & Red.,Newport,,,,,,,,,
E3,19/09/2015,Hartlepool,Cambridge Utd,,,,,,,,,
E3,19/09/2015,Leyton Orient,Wycombe,,,,,,,,,
E3,19/09/2015,Luton,Mansfield,,,,,,,,,
E3,19/09/2015,Morecambe,Northampton,,,,,,,,,
E3,19/09/2015,Oxford Utd,Portsmouth,,,,,,,,,
E3,19/09/2015,Plymouth,Bristol Rovers,,,,,,,,,
E3,19/09/2015,Wimbledon,Notts County,,,,,,,,,
E3,19/09/2015,York,Carlisle,,,,,,,,,
SC0,19/09/2015,Celtic,Dundee FC,,,,,,,,,
SC0,19/09/2015,Dundee Utd,Inverness,,,,,,,,,
SC0,19/09/2015,Hamilton,Motherwell,,,,,,,,,
SC0,19/09/2015,Hearts,Aberdeen,,,,,,,,,
SC0,19/09/2015,Kilmarnock,St. Johnstone,,,,,,,,,
SC0,19/09/2015,Ross County,Partick,,,,,,,,,
E1,25/09/2015,Fulham,QPR,,,,,,,,,
E0,26/09/2015,Leicester,Arsenal,,,,,,,,,
E0,26/09/2015,Liverpool,Aston Villa,,,,,,,,,
E0,26/09/2015,Manchester Utd,Sunderland,,,,,,,,,
E0,26/09/2015,Newcastle,Chelsea,,,,,,,,,
E0,26/09/2015,Southampton,Swansea,,,,,,,,,
E0,26/09/2015,Stoke,Bournemouth,,,,,,,,,
E0,26/09/2015,Tottenham,Manchester City,,,,,,,,,
E0,26/09/2015,Watford,Crystal Palace,,,,,,,,,
E0,26/09/2015,West Brom,Everton,,,,,,,,,
E0,26/09/2015,West Ham,Norwich,,,,,,,,,
E1,26/09/2015,Birmingham,Rotherham,,,,,,,,,
E1,26/09/2015,Bolton,Brighton,,,,,,,,,
E1,26/09/2015,Brentford,Sheffield Wed,,,,,,,,,
E1,26/09/2015,Burnley,Reading,,,,,,,,,
E1,26/09/2015,Cardiff,Charlton,,,,,,,,,
E1,26/09/2015,Huddersfield,Nottingham,,,,,,,,,
E1,26/09/2015,Hull,Blackburn,,,,,,,,,
E1,26/09/2015,Ipswich,Bristol City,,,,,,,,,
E1,26/09/2015,Middlesbrough,Leeds,,,,,,,,,
E1,26/09/2015,Milton Keynes,Derby,,,,,,,,,
E1,26/09/2015,Preston,Wolves,,,,,,,,,
E2,26/09/2015,Barnsley,Gillingham FC,,,,,,,,,
E2,26/09/2015,Bradford,Peterborough,,,,,,,,,
E2,26/09/2015,Bury,Coventry,,,,,,,,,
E2,26/09/2015,Chesterfield,Burton,,,,,,,,,
E2,26/09/2015,Fleetwood,Port Vale,,,,,,,,,
E2,26/09/2015,Millwall,Rochdale,,,,,,,,,
E2,26/09/2015,Oldham,Wigan,,,,,,,,,
E2,26/09/2015,Sheffield Utd,Doncaster,,,,,,,,,
E2,26/09/2015,Shrewsbury,Blackpool,,,,,,,,,
E2,26/09/2015,Southend,Scunthorpe,,,,,,,,,
E2,26/09/2015,Swindon,Colchester,,,,,,,,,
E2,26/09/2015,Walsall,Crewe,,,,,,,,,
E3,26/09/2015,Barnet,Dagenham & Red.,,,,,,,,,
E3,26/09/2015,Bristol Rovers,Portsmouth,,,,,,,,,
E3,26/09/2015,Cambridge Utd,Stevenage,,,,,,,,,
E3,26/09/2015,Carlisle,Newport,,,,,,,,,
E3,26/09/2015,Crawley Town,Accrington,,,,,,,,,
E3,26/09/2015,Exeter,Wycombe,,,,,,,,,
E3,26/09/2015,Luton,Wimbledon,,,,,,,,,
E3,26/09/2015,Mansfield,Plymouth,,,,,,,,,
E3,26/09/2015,Northampton,Leyton Orient,,,,,,,,,
E3,26/09/2015,Notts County,York,,,,,,,,,
E3,26/09/2015,Oxford Utd,Morecambe,,,,,,,,,
E3,26/09/2015,Yeovil,Hartlepool,,,,,,,,,
SC0,26/09/2015,Celtic,Hearts,,,,,,,,,
SC0,26/09/2015,Dundee FC,Ross County,,,,,,,,,
SC0,26/09/2015,Inverness,Aberdeen,,,,,,,,,
SC0,26/09/2015,Kilmarnock,Hamilton,,,,,,,,,
SC0,26/09/2015,Motherwell,Partick,,,,,,,,,
SC0,26/09/2015,St. Johnstone,Dundee Utd,,,,,,,,,
E2,29/09/2015,Blackpool,Chesterfield,,,,,,,,,
E2,29/09/2015,Burton,Sheffield Utd,,,,,,,,,
E2,29/09/2015,Colchester,Bradford,,,,,,,,,
E2,29/09/2015,Coventry,Barnsley,,,,,,,,,
E2,29/09/2015,Crewe,Southend,,,,,,,,,
E2,29/09/2015,Doncaster,Swindon,,,,,,,,,
E2,29/09/2015,Gillingham FC,Fleetwood,,,,,,,,,
E2,29/09/2015,Peterborough,Bury,,,,,,,,,
E2,29/09/2015,Port Vale,Oldham,,,,,,,,,
E2,29/09/2015,Rochdale,Shrewsbury,,,,,,,,,
E2,29/09/2015,Scunthorpe,Walsall,,,,,,,,,
E2,29/09/2015,Wigan,Millwall,,,,,,,,,
E3,29/09/2015,Accrington,Yeovil,,,,,,,,,
E3,29/09/2015,Dagenham & Red.,Notts County,,,,,,,,,
E3,29/09/2015,Hartlepool,Bristol Rovers,,,,,,,,,
E3,29/09/2015,Leyton Orient,Carlisle,,,,,,,,,
E3,29/09/2015,Morecambe,Luton,,,,,,,,,
E3,29/09/2015,Newport,Crawley Town,,,,,,,,,
E3,29/09/2015,Plymouth,Barnet,,,,,,,,,
E3,29/09/2015,Portsmouth,Exeter,,,,,,,,,
E3,29/09/2015,Stevenage,Mansfield,,,,,,,,,
E3,29/09/2015,Wimbledon,Northampton,,,,,,,,,
E3,29/09/2015,Wycombe,Cambridge Utd,,,,,,,,,
E3,29/09/2015,York,Oxford Utd,,,,,,,,,
E1,02/10/2015,Rotherham,Burnley,,,,,,,,,
E0,03/10/2015,Arsenal,Manchester Utd,,,,,,,,,
E0,03/10/2015,Aston Villa,Stoke,,,,,,,,,
E0,03/10/2015,Bournemouth,Watford,,,,,,,,,
E0,03/10/2015,Chelsea,Southampton,,,,,,,,,
E0,03/10/2015,Crystal Palace,West Brom,,,,,,,,,
E0,03/10/2015,Everton,Liverpool,,,,,,,,,
E0,03/10/2015,Manchester City,Newcastle,,,,,,,,,
E0,03/10/2015,Norwich,Leicester,,,,,,,,,
E0,03/10/2015,Sunderland,West Ham,,,,,,,,,
E0,03/10/2015,Swansea,Tottenham,,,,,,,,,
E1,03/10/2015,Wolves,Huddersfield,,,,,,,,,
E1,03/10/2015,Blackburn,Ipswich,,,,,,,,,
E1,03/10/2015,Brighton,Cardiff,,,,,,,,,
E1,03/10/2015,Bristol City,Milton Keynes,,,,,,,,,
E1,03/10/2015,Charlton,Fulham,,,,,,,,,
E1,03/10/2015,Derby,Brentford,,,,,,,,,
E1,03/10/2015,Leeds,Birmingham,,,,,,,,,
E1,03/10/2015,Nottingham,Hull,,,,,,,,,
E1,03/10/2015,QPR,Bolton,,,,,,,,,
E1,03/10/2015,Reading,Middlesbrough,,,,,,,,,
E1,03/10/2015,Sheffield Wed,Preston,,,,,,,,,
E2,03/10/2015,Blackpool,Swindon,,,,,,,,,
E2,03/10/2015,Burton,Southend,,,,,,,,,
E2,03/10/2015,Colchester,Bury,,,,,,,,,
E2,03/10/2015,Coventry,Shrewsbury,,,,,,,,,
E2,03/10/2015,Crewe,Chesterfield,,,,,,,,,
E2,03/10/2015,Doncaster,Barnsley,,,,,,,,,
E2,03/10/2015,Gillingham FC,Oldham,,,,,,,,,
E2,03/10/2015,Peterborough,Millwall,,,,,,,,,
E2,03/10/2015,Port Vale,Sheffield Utd,,,,,,,,,
E2,03/10/2015,Rochdale,Bradford,,,,,,,,,
E2,03/10/2015,Scunthorpe,Fleetwood,,,,,,,,,
E2,03/10/2015,Wigan,Walsall,,,,,,,,,
E3,03/10/2015,Accrington,Oxford Utd,,,,,,,,,
E3,03/10/2015,Dagenham & Red.,Mansfield,,,,,,,,,
E3,03/10/2015,Hartlepool,Luton,,,,,,,,,
E3,03/10/2015,Leyton Orient,Notts County,,,,,,,,,
E3,03/10/2015,Morecambe,Bristol Rovers,,,,,,,,,
E3,03/10/2015,Newport,Exeter,,,,,,,,,
E3,03/10/2015,Plymouth,Crawley Town,,,,,,,,,
E3,03/10/2015,Portsmouth,Yeovil,,,,,,,,,
E3,03/10/2015,Stevenage,Carlisle,,,,,,,,,
E3,03/10/2015,Wimbledon,Barnet,,,,,,,,,
E3,03/10/2015,Wycombe,Northampton,,,,,,,,,
E3,03/10/2015,York,Cambridge Utd,,,,,,,,,
SC0,03/10/2015,Aberdeen,St. Johnstone,,,,,,,,,
SC0,03/10/2015,Dundee FC,Motherwell,,,,,,,,,
SC0,03/10/2015,Hamilton,Celtic,,,,,,,,,
SC0,03/10/2015,Hearts,Kilmarnock,,,,,,,,,
SC0,03/10/2015,Partick,Dundee Utd,,,,,,,,,
SC0,03/10/2015,Ross County,Inverness,,,,,,,,,
E2,10/10/2015,Barnsley,Crewe,,,,,,,,,
E2,10/10/2015,Bradford,Blackpool,,,,,,,,,
E2,10/10/2015,Bury,Wigan,,,,,,,,,
E2,10/10/2015,Chesterfield,Gillingham FC,,,,,,,,,
E2,10/10/2015,Fleetwood,Coventry,,,,,,,,,
E2,10/10/2015,Millwall,Doncaster,,,,,,,,,
E2,10/10/2015,Oldham,Scunthorpe,,,,,,,,,
E2,10/10/2015,Sheffield Utd,Rochdale,,,,,,,,,
E2,10/10/2015,Shrewsbury,Colchester,,,,,,,,,
E2,10/10/2015,Southend,Port Vale,,,,,,,,,
E2,10/10/2015,Swindon,Peterborough,,,,,,,,,
E2,10/10/2015,Walsall,Burton,,,,,,,,,
E3,10/10/2015,Barnet,Accrington,,,,,,,,,
E3,10/10/2015,Bristol Rovers,Wycombe,,,,,,,,,
E3,10/10/2015,Cambridge Utd,Portsmouth,,,,,,,,,
E3,10/10/2015,Carlisle,Morecambe,,,,,,,,,
E3,10/10/2015,Crawley Town,Leyton Orient,,,,,,,,,
E3,10/10/2015,Exeter,Stevenage,,,,,,,,,
E3,10/10/2015,Luton,York,,,,,,,,,
E3,10/10/2015,Mansfield,Newport,,,,,,,,,
E3,10/10/2015,Northampton,Hartlepool,,,,,,,,,
E3,10/10/2015,Notts County,Plymouth,,,,,,,,,
E3,10/10/2015,Oxford Utd,Wimbledon,,,,,,,,,
E3,10/10/2015,Yeovil,Dagenham & Red.,,,,,,,,,
E0,17/10/2015,Chelsea,Aston Villa,,,,,,,,,
E0,17/10/2015,Crystal Palace,West Ham,,,,,,,,,
E0,17/10/2015,Everton,Manchester Utd,,,,,,,,,
E0,17/10/2015,Manchester City,Bournemouth,,,,,,,,,
E0,17/10/2015,Newcastle,Norwich,,,,,,,,,
E0,17/10/2015,Southampton,Leicester,,,,,,,,,
E0,17/10/2015,Swansea,Stoke,,,,,,,,,
E0,17/10/2015,Tottenham,Liverpool,,,,,,,,,
E0,17/10/2015,Watford,Arsenal,,,,,,,,,
E0,17/10/2015,West Brom,Sunderland,,,,,,,,,
E1,17/10/2015,Birmingham,QPR,,,,,,,,,
E1,17/10/2015,Brentford,Rotherham,,,,,,,,,
E1,17/10/2015,Bristol City,Nottingham,,,,,,,,,
E1,17/10/2015,Burnley,Bolton,,,,,,,,,
E1,17/10/2015,Derby,Wolves,,,,,,,,,
E1,17/10/2015,Ipswich,Huddersfield,,,,,,,,,
E1,17/10/2015,Leeds,Brighton,,,,,,,,,
E1,17/10/2015,Middlesbrough,Fulham,,,,,,,,,
E1,17/10/2015,Milton Keynes,Blackburn,,,,,,,,,
E1,17/10/2015,Preston,Cardiff,,,,,,,,,
E1,17/10/2015,Reading,Charlton,,,,,,,,,
E1,17/10/2015,Sheffield Wed,Hull,,,,,,,,,
E2,17/10/2015,Bury,Rochdale,,,,,,,,,
E2,17/10/2015,Coventry,Blackpool,,,,,,,,,
E2,17/10/2015,Crewe,Gillingham FC,,,,,,,,,
E2,17/10/2015,Doncaster,Bradford,,,,,,,,,
E2,17/10/2015,Fleetwood,Burton,,,,,,,,,
E2,17/10/2015,Millwall,Swindon,,,,,,,,,
E2,17/10/2015,Oldham,Sheffield Utd,,,,,,,,,
E2,17/10/2015,Port Vale,Peterborough,,,,,,,,,
E2,17/10/2015,Scunthorpe,Shrewsbury,,,,,,,,,
E2,17/10/2015,Southend,Barnsley,,,,,,,,,
E2,17/10/2015,Walsall,Chesterfield,,,,,,,,,
E2,17/10/2015,Wigan,Colchester,,,,,,,,,
E3,17/10/2015,Barnet,York,,,,,,,,,
E3,17/10/2015,Cambridge Utd,Northampton,,,,,,,,,
E3,17/10/2015,Carlisle,Exeter,,,,,,,,,
E3,17/10/2015,Crawley Town,Luton,,,,,,,,,
E3,17/10/2015,Dagenham & Red.,Hartlepool,,,,,,,,,
E3,17/10/2015,Leyton Orient,Oxford Utd,,,,,,,,,
E3,17/10/2015,Mansfield,Bristol Rovers,,,,,,,,,
E3,17/10/2015,Newport,Portsmouth,,,,,,,,,
E3,17/10/2015,Notts County,Yeovil,,,,,,,,,
E3,17/10/2015,Plymouth,Accrington,,,,,,,,,
E3,17/10/2015,Stevenage,Wycombe,,,,,,,,,
E3,17/10/2015,Wimbledon,Morecambe,,,,,,,,,
SC0,17/10/2015,Dundee Utd,Hearts,,,,,,,,,
SC0,17/10/2015,Hamilton,Dundee FC,,,,,,,,,
SC0,17/10/2015,Kilmarnock,Inverness,,,,,,,,,
SC0,17/10/2015,Motherwell,Celtic,,,,,,,,,
SC0,17/10/2015,Ross County,Aberdeen,,,,,,,,,
SC0,17/10/2015,St. Johnstone,Partick,,,,,,,,,
E1,20/10/2015,Blackburn,Derby,,,,,,,,,
E1,20/10/2015,Brighton,Bristol City,,,,,,,,,
E1,20/10/2015,Cardiff,Middlesbrough,,,,,,,,,
E1,20/10/2015,Charlton,Preston,,,,,,,,,
E1,20/10/2015,Huddersfield,Milton Keynes,,,,,,,,,
E1,20/10/2015,Hull,Ipswich,,,,,,,,,
E1,20/10/2015,Nottingham,Burnley,,,,,,,,,
E1,20/10/2015,QPR,Sheffield Wed,,,,,,,,,
E1,20/10/2015,Rotherham,Reading,,,,,,,,,
E1,20/10/2015,Wolves,Brentford,,,,,,,,,
E1,20/10/2015,Bolton,Birmingham,,,,,,,,,
E2,20/10/2015,Barnsley,Walsall,,,,,,,,,
E2,20/10/2015,Blackpool,Millwall,,,,,,,,,
E2,20/10/2015,Bradford,Bury,,,,,,,,,
E2,20/10/2015,Burton,Crewe,,,,,,,,,
E2,20/10/2015,Chesterfield,Southend,,,,,,,,,
E2,20/10/2015,Colchester,Port Vale,,,,,,,,,
E2,20/10/2015,Gillingham FC,Scunthorpe,,,,,,,,,
E2,20/10/2015,Peterborough,Wigan,,,,,,,,,
E2,20/10/2015,Rochdale,Coventry,,,,,,,,,
E2,20/10/2015,Sheffield Utd,Fleetwood,,,,,,,,,
E2,20/10/2015,Shrewsbury,Doncaster,,,,,,,,,
E2,20/10/2015,Swindon,Oldham,,,,,,,,,
E3,20/10/2015,Accrington,Wimbledon,,,,,,,,,
E3,20/10/2015,Bristol Rovers,Notts County,,,,,,,,,
E3,20/10/2015,Hartlepool,Barnet,,,,,,,,,
E3,20/10/2015,Luton,Leyton Orient,,,,,,,,,
E3,20/10/2015,Morecambe,Crawley Town,,,,,,,,,
E3,20/10/2015,Northampton,Carlisle,,,,,,,,,
E3,20/10/2015,Oxford Utd,Plymouth,,,,,,,,,
E3,20/10/2015,Portsmouth,Stevenage,,,,,,,,,
E3,20/10/2015,Wycombe,Newport,,,,,,,,,
E3,20/10/2015,Yeovil,Mansfield,,,,,,,,,
E3,20/10/2015,York,Dagenham & Red.,,,,,,,,,
E1,21/10/2015,Fulham,Leeds,,,,,,,,,
E3,21/10/2015,Exeter,Cambridge Utd,,,,,,,,,
E0,24/10/2015,Arsenal,Everton,,,,,,,,,
E0,24/10/2015,Aston Villa,Swansea,,,,,,,,,
E0,24/10/2015,Bournemouth,Tottenham,,,,,,,,,
E0,24/10/2015,Leicester,Crystal Palace,,,,,,,,,
E0,24/10/2015,Liverpool,Southampton,,,,,,,,,
E0,24/10/2015,Manchester Utd,Manchester City,,,,,,,,,
E0,24/10/2015,Norwich,West Brom,,,,,,,,,
E0,24/10/2015,Stoke,Watford,,,,,,,,,
E0,24/10/2015,Sunderland,Newcastle,,,,,,,,,
E0,24/10/2015,West Ham,Chelsea,,,,,,,,,
E1,24/10/2015,Cardiff,Bristol City,,,,,,,,,
E1,24/10/2015,Blackburn,Burnley,,,,,,,,,
E1,24/10/2015,Fulham,Reading,,,,,,,,,
E1,24/10/2015,Bolton,Leeds,,,,,,,,,
E1,24/10/2015,Brighton,Preston,,,,,,,,,
E1,24/10/2015,Charlton,Brentford,,,,,,,,,
E1,24/10/2015,Huddersfield,Derby,,,,,,,,,
E1,24/10/2015,Hull,Birmingham,,,,,,,,,
E1,24/10/2015,Nottingham,Ipswich,,,,,,,,,
E1,24/10/2015,QPR,Milton Keynes,,,,,,,,,
E1,24/10/2015,Rotherham,Sheffield Wed,,,,,,,,,
E1,24/10/2015,Wolves,Middlesbrough,,,,,,,,,
E2,24/10/2015,Barnsley,Fleetwood,,,,,,,,,
E2,24/10/2015,Blackpool,Crewe,,,,,,,,,
E2,24/10/2015,Bradford,Wigan,,,,,,,,,
E2,24/10/2015,Burton,Port Vale,,,,,,,,,
E2,24/10/2015,Chesterfield,Scunthorpe,,,,,,,,,
E2,24/10/2015,Colchester,Walsall,,,,,,,,,
E2,24/10/2015,Gillingham FC,Southend,,,,,,,,,
E2,24/10/2015,Peterborough,Doncaster,,,,,,,,,
E2,24/10/2015,Rochdale,Oldham,,,,,,,,,
E2,24/10/2015,Sheffield Utd,Millwall,,,,,,,,,
E2,24/10/2015,Shrewsbury,Bury,,,,,,,,,
E2,24/10/2015,Swindon,Coventry,,,,,,,,,
E3,24/10/2015,Accrington,Dagenham & Red.,,,,,,,,,
E3,24/10/2015,Bristol Rovers,Newport,,,,,,,,,
E3,24/10/2015,Exeter,Notts County,,,,,,,,,
E3,24/10/2015,Hartlepool,Crawley Town,,,,,,,,,
E3,24/10/2015,Luton,Plymouth,,,,,,,,,
E3,24/10/2015,Morecambe,Leyton Orient,,,,,,,,,
E3,24/10/2015,Northampton,Stevenage,,,,,,,,,
E3,24/10/2015,Oxford Utd,Barnet,,,,,,,,,
E3,24/10/2015,Portsmouth,Mansfield,,,,,,,,,
E3,24/10/2015,Wycombe,Carlisle,,,,,,,,,
E3,24/10/2015,Yeovil,Cambridge Utd,,,,,,,,,
E3,24/10/2015,York,Wimbledon,,,,,,,,,
SC0,24/10/2015,Aberdeen,Motherwell,,,,,,,,,
SC0,24/10/2015,Celtic,Dundee Utd,,,,,,,,,
SC0,24/10/2015,Dundee FC,Kilmarnock,,,,,,,,,
SC0,24/10/2015,Hearts,Ross County,,,,,,,,,
SC0,24/10/2015,Inverness,St. Johnstone,,,,,,,,,
SC0,24/10/2015,Partick,Hamilton,,,,,,,,,
E0,31/10/2015,Chelsea,Liverpool,,,,,,,,,
E0,31/10/2015,Crystal Palace,Manchester Utd,,,,,,,,,
E0,31/10/2015,Everton,Sunderland,,,,,,,,,
E0,31/10/2015,Manchester City,Norwich,,,,,,,,,
E0,31/10/2015,Newcastle,Stoke,,,,,,,,,
E0,31/10/2015,Southampton,Bournemouth,,,,,,,,,
E0,31/10/2015,Swansea,Arsenal,,,,,,,,,
E0,31/10/2015,Tottenham,Aston Villa,,,,,,,,,
E0,31/10/2015,Watford,West Ham,,,,,,,,,
E0,31/10/2015,West Brom,Leicester,,,,,,,,,
E1,31/10/2015,Birmingham,Wolves,,,,,,,,,
E1,31/10/2015,Brentford,QPR,,,,,,,,,
E1,31/10/2015,Bristol City,Fulham,,,,,,,,,
E1,31/10/2015,Burnley,Huddersfield,,,,,,,,,
E1,31/10/2015,Derby,Rotherham,,,,,,,,,
E1,31/10/2015,Ipswich,Cardiff,,,,,,,,,
E1,31/10/2015,Leeds,Blackburn,,,,,,,,,
E1,31/10/2015,Middlesbrough,Charlton,,,,,,,,,
E1,31/10/2015,Milton Keynes,Hull,,,,,,,,,
E1,31/10/2015,Preston,Bolton,,,,,,,,,
E1,31/10/2015,Reading,Brighton,,,,,,,,,
E1,31/10/2015,Sheffield Wed,Nottingham,,,,,,,,,
E2,31/10/2015,Bury,Blackpool,,,,,,,,,
E2,31/10/2015,Coventry,Peterborough,,,,,,,,,
E2,31/10/2015,Crewe,Sheffield Utd,,,,,,,,,
E2,31/10/2015,Doncaster,Colchester,,,,,,,,,
E2,31/10/2015,Fleetwood,Chesterfield,,,,,,,,,
E2,31/10/2015,Millwall,Bradford,,,,,,,,,
E2,31/10/2015,Oldham,Burton,,,,,,,,,
E2,31/10/2015,Port Vale,Shrewsbury,,,,,,,,,
E2,31/10/2015,Scunthorpe,Barnsley,,,,,,,,,
E2,31/10/2015,Southend,Rochdale,,,,,,,,,
E2,31/10/2015,Walsall,Gillingham FC,,,,,,,,,
E2,31/10/2015,Wigan,Swindon,,,,,,,,,
E3,31/10/2015,Barnet,Exeter,,,,,,,,,
E3,31/10/2015,Cambridge Utd,Bristol Rovers,,,,,,,,,
E3,31/10/2015,Carlisle,Yeovil,,,,,,,,,
E3,31/10/2015,Crawley Town,York,,,,,,,,,
E3,31/10/2015,Dagenham & Red.,Luton,,,,,,,,,
E3,31/10/2015,Leyton Orient,Accrington,,,,,,,,,
E3,31/10/2015,Mansfield,Wycombe,,,,,,,,,
E3,31/10/2015,Newport,Northampton,,,,,,,,,
E3,31/10/2015,Notts County,Portsmouth,,,,,,,,,
E3,31/10/2015,Plymouth,Morecambe,,,,,,,,,
E3,31/10/2015,Stevenage,Oxford Utd,,,,,,,,,
E3,31/10/2015,Wimbledon,Hartlepool,,,,,,,,,
SC0,31/10/2015,Celtic,Aberdeen,,,,,,,,,
SC0,31/10/2015,Dundee Utd,Ross County,,,,,,,,,
SC0,31/10/2015,Hamilton,St. Johnstone,,,,,,,,,
SC0,31/10/2015,Inverness,Dundee FC,,,,,,,,,
SC0,31/10/2015,Kilmarnock,Motherwell,,,,,,,,,
SC0,31/10/2015,Partick,Hearts,,,,,,,,,
E1,03/11/2015,Birmingham,Blackburn,,,,,,,,,
E1,03/11/2015,Brentford,Hull,,,,,,,,,
E1,03/11/2015,Bristol City,Wolves,,,,,,,,,
E1,03/11/2015,Burnley,Fulham,,,,,,,,,
E1,03/11/2015,Derby,QPR,,,,,,,,,
E1,03/11/2015,Ipswich,Bolton,,,,,,,,,
E1,03/11/2015,Leeds,Cardiff,,,,,,,,,
E1,03/11/2015,Middlesbrough,Rotherham,,,,,,,,,
E1,03/11/2015,Milton Keynes,Charlton,,,,,,,,,
E1,03/11/2015,Preston,Nottingham,,,,,,,,,
E1,03/11/2015,Sheffield Wed,Brighton,,,,,,,,,
E1,03/11/2015,Reading,Huddersfield,,,,,,,,,
E0,07/11/2015,Arsenal,Tottenham,,,,,,,,,
E0,07/11/2015,Aston Villa,Manchester City,,,,,,,,,
E0,07/11/2015,Bournemouth,Newcastle,,,,,,,,,
E0,07/11/2015,Leicester,Watford,,,,,,,,,
E0,07/11/2015,Liverpool,Crystal Palace,,,,,,,,,
E0,07/11/2015,Manchester Utd,West Brom,,,,,,,,,
E0,07/11/2015,Norwich,Swansea,,,,,,,,,
E0,07/11/2015,Stoke,Chelsea,,,,,,,,,
E0,07/11/2015,Sunderland,Southampton,,,,,,,,,
E0,07/11/2015,West Ham,Everton,,,,,,,,,
E1,07/11/2015,Huddersfield,Leeds,,,,,,,,,
E1,07/11/2015,Blackburn,Brentford,,,,,,,,,
E1,07/11/2015,Bolton,Bristol City,,,,,,,,,
E1,07/11/2015,Brighton,Milton Keynes,,,,,,,,,
E1,07/11/2015,Cardiff,Reading,,,,,,,,,
E1,07/11/2015,Charlton,Sheffield Wed,,,,,,,,,
E1,07/11/2015,Fulham,Birmingham,,,,,,,,,
E1,07/11/2015,Hull,Middlesbrough,,,,,,,,,
E1,07/11/2015,Nottingham,Derby,,,,,,,,,
E1,07/11/2015,QPR,Preston,,,,,,,,,
E1,07/11/2015,Rotherham,Ipswich,,,,,,,,,
E1,07/11/2015,Wolves,Burnley,,,,,,,,,
SC0,07/11/2015,Aberdeen,Dundee Utd,,,,,,,,,
SC0,07/11/2015,Dundee FC,Partick,,,,,,,,,
SC0,07/11/2015,Hearts,Hamilton,,,,,,,,,
SC0,07/11/2015,Motherwell,Inverness,,,,,,,,,
SC0,07/11/2015,Ross County,Celtic,,,,,,,,,
SC0,07/11/2015,St. Johnstone,Kilmarnock,,,,,,,,,
E2,14/11/2015,Barnsley,Port Vale,,,,,,,,,
E2,14/11/2015,Blackpool,Doncaster,,,,,,,,,
E2,14/11/2015,Bradford,Crewe,,,,,,,,,
E2,14/11/2015,Burton,Millwall,,,,,,,,,
E2,14/11/2015,Chesterfield,Oldham,,,,,,,,,
E2,14/11/2015,Colchester,Coventry,,,,,,,,,
E2,14/11/2015,Gillingham FC,Bury,,,,,,,,,
E2,14/11/2015,Peterborough,Fleetwood,,,,,,,,,
E2,14/11/2015,Rochdale,Wigan,,,,,,,,,
E2,14/11/2015,Sheffield Utd,Southend,,,,,,,,,
E2,14/11/2015,Shrewsbury,Walsall,,,,,,,,,
E2,14/11/2015,Swindon,Scunthorpe,,,,,,,,,
E3,14/11/2015,Accrington,Newport,,,,,,,,,
E3,14/11/2015,Bristol Rovers,Carlisle,,,,,,,,,
E3,14/11/2015,Exeter,Crawley Town,,,,,,,,,
E3,14/11/2015,Hartlepool,Leyton Orient,,,,,,,,,
E3,14/11/2015,Luton,Barnet,,,,,,,,,
E3,14/11/2015,Morecambe,Dagenham & Red.,,,,,,,,,
E3,14/11/2015,Northampton,Mansfield,,,,,,,,,
E3,14/11/2015,Oxford Utd,Cambridge Utd,,,,,,,,,
E3,14/11/2015,Portsmouth,Wimbledon,,,,,,,,,
E3,14/11/2015,Wycombe,Notts County,,,,,,,,,
E3,14/11/2015,Yeovil,Stevenage,,,,,,,,,
E3,14/11/2015,York,Plymouth,,,,,,,,,
E0,21/11/2015,Chelsea,Norwich,,,,,,,,,
E0,21/11/2015,Crystal Palace,Sunderland,,,,,,,,,
E0,21/11/2015,Everton,Aston Villa,,,,,,,,,
E0,21/11/2015,Manchester City,Liverpool,,,,,,,,,
E0,21/11/2015,Newcastle,Leicester,,,,,,,,,
E0,21/11/2015,Southampton,Stoke,,,,,,,,,
E0,21/11/2015,Swansea,Bournemouth,,,,,,,,,
E0,21/11/2015,Tottenham,West Ham,,,,,,,,,
E0,21/11/2015,Watford,Manchester Utd,,,,,,,,,
E0,21/11/2015,West Brom,Arsenal,,,,,,,,,
E1,21/11/2015,Birmingham,Charlton,,,,,,,,,
E1,21/11/2015,Brentford,Nottingham,,,,,,,,,
E1,21/11/2015,Bristol City,Hull,,,,,,,,,
E1,21/11/2015,Burnley,Brighton,,,,,,,,,
E1,21/11/2015,Derby,Cardiff,,,,,,,,,
E1,21/11/2015,Ipswich,Wolves,,,,,,,,,
E1,21/11/2015,Leeds,Rotherham,,,,,,,,,
E1,21/11/2015,Middlesbrough,QPR,,,,,,,,,
E1,21/11/2015,Milton Keynes,Fulham,,,,,,,,,
E1,21/11/2015,Preston,Blackburn,,,,,,,,,
E1,21/11/2015,Reading,Bolton,,,,,,,,,
E1,21/11/2015,Sheffield Wed,Huddersfield,,,,,,,,,
E2,21/11/2015,Bury,Burton,,,,,,,,,
E2,21/11/2015,Coventry,Gillingham FC,,,,,,,,,
E2,21/11/2015,Crewe,Peterborough,,,,,,,,,
E2,21/11/2015,Doncaster,Rochdale,,,,,,,,,
E2,21/11/2015,Fleetwood,Swindon,,,,,,,,,
E2,21/11/2015,Millwall,Colchester,,,,,,,,,
E2,21/11/2015,Oldham,Barnsley,,,,,,,,,
E2,21/11/2015,Port Vale,Chesterfield,,,,,,,,,
E2,21/11/2015,Scunthorpe,Bradford,,,,,,,,,
E2,21/11/2015,Southend,Blackpool,,,,,,,,,
E2,21/11/2015,Walsall,Sheffield Utd,,,,,,,,,
E2,21/11/2015,Wigan,Shrewsbury,,,,,,,,,
E3,21/11/2015,Barnet,Morecambe,,,,,,,,,
E3,21/11/2015,Cambridge Utd,Accrington,,,,,,,,,
E3,21/11/2015,Carlisle,Portsmouth,,,,,,,,,
E3,21/11/2015,Crawley Town,Bristol Rovers,,,,,,,,,
E3,21/11/2015,Dagenham & Red.,Oxford Utd,,,,,,,,,
E3,21/11/2015,Leyton Orient,York,,,,,,,,,
E3,21/11/2015,Mansfield,Hartlepool,,,,,,,,,
E3,21/11/2015,Newport,Yeovil,,,,,,,,,
E3,21/11/2015,Notts County,Northampton,,,,,,,,,
E3,21/11/2015,Plymouth,Exeter,,,,,,,,,
E3,21/11/2015,Stevenage,Luton,,,,,,,,,
E3,21/11/2015,Wimbledon,Wycombe,,,,,,,,,
SC0,21/11/2015,Celtic,Kilmarnock,,,,,,,,,
SC0,21/11/2015,Dundee Utd,St. Johnstone,,,,,,,,,
SC0,21/11/2015,Hamilton,Aberdeen,,,,,,,,,
SC0,21/11/2015,Hearts,Dundee FC,,,,,,,,,
SC0,21/11/2015,Partick,Inverness,,,,,,,,,
SC0,21/11/2015,Ross County,Motherwell,,,,,,,,,
E2,24/11/2015,Bradford,Coventry,,,,,,,,,
E2,24/11/2015,Bury,Scunthorpe,,,,,,,,,
E2,24/11/2015,Colchester,Crewe,,,,,,,,,
E2,24/11/2015,Doncaster,Chesterfield,,,,,,,,,
E2,24/11/2015,Fleetwood,Millwall,,,,,,,,,
E2,24/11/2015,Gillingham FC,Rochdale,,,,,,,,,
E2,24/11/2015,Oldham,Southend,,,,,,,,,
E2,24/11/2015,Peterborough,Barnsley,,,,,,,,,
E2,24/11/2015,Port Vale,Blackpool,,,,,,,,,
E2,24/11/2015,Sheffield Utd,Shrewsbury,,,,,,,,,
E2,24/11/2015,Swindon,Walsall,,,,,,,,,
E2,24/11/2015,Wigan,Burton,,,,,,,,,
E3,24/11/2015,Accrington,Hartlepool,,,,,,,,,
E3,24/11/2015,Bristol Rovers,Stevenage,,,,,,,,,
E3,24/11/2015,Crawley Town,Northampton,,,,,,,,,
E3,24/11/2015,Luton,Carlisle,,,,,,,,,
E3,24/11/2015,Mansfield,Exeter,,,,,,,,,
E3,24/11/2015,Morecambe,Cambridge Utd,,,,,,,,,
E3,24/11/2015,Notts County,Barnet,,,,,,,,,
E3,24/11/2015,Oxford Utd,Newport,,,,,,,,,
E3,24/11/2015,Plymouth,Leyton Orient,,,,,,,,,
E3,24/11/2015,Portsmouth,York,,,,,,,,,
E3,24/11/2015,Wimbledon,Dagenham & Red.,,,,,,,,,
E3,24/11/2015,Yeovil,Wycombe,,,,,,,,,
E0,28/11/2015,Aston Villa,Watford,,,,,,,,,
E0,28/11/2015,Bournemouth,Everton,,,,,,,,,
E0,28/11/2015,Crystal Palace,Newcastle,,,,,,,,,
E0,28/11/2015,Leicester,Manchester Utd,,,,,,,,,
E0,28/11/2015,Liverpool,Swansea,,,,,,,,,
E0,28/11/2015,Manchester City,Southampton,,,,,,,,,
E0,28/11/2015,Norwich,Arsenal,,,,,,,,,
E0,28/11/2015,Sunderland,Stoke,,,,,,,,,
E0,28/11/2015,Tottenham,Chelsea,,,,,,,,,
E0,28/11/2015,West Ham,West Brom,,,,,,,,,
E1,28/11/2015,Blackburn,Sheffield Wed,,,,,,,,,
E1,28/11/2015,Bolton,Brentford,,,,,,,,,
E1,28/11/2015,Brighton,Birmingham,,,,,,,,,
E1,28/11/2015,Cardiff,Burnley,,,,,,,,,
E1,28/11/2015,Charlton,Ipswich,,,,,,,,,
E1,28/11/2015,Fulham,Preston,,,,,,,,,
E1,28/11/2015,Huddersfield,Middlesbrough,,,,,,,,,
E1,28/11/2015,Hull,Derby,,,,,,,,,
E1,28/11/2015,Nottingham,Reading,,,,,,,,,
E1,28/11/2015,QPR,Leeds,,,,,,,,,
E1,28/11/2015,Rotherham,Bristol City,,,,,,,,,
E1,28/11/2015,Wolves,Milton Keynes,,,,,,,,,
E2,28/11/2015,Barnsley,Sheffield Utd,,,,,,,,,
E2,28/11/2015,Blackpool,Fleetwood,,,,,,,,,
E2,28/11/2015,Burton,Colchester,,,,,,,,,
E2,28/11/2015,Chesterfield,Swindon,,,,,,,,,
E2,28/11/2015,Coventry,Doncaster,,,,,,,,,
E2,28/11/2015,Crewe,Oldham,,,,,,,,,
E2,28/11/2015,Millwall,Bury,,,,,,,,,
E2,28/11/2015,Rochdale,Port Vale,,,,,,,,,
E2,28/11/2015,Scunthorpe,Peterborough,,,,,,,,,
E2,28/11/2015,Shrewsbury,Gillingham FC,,,,,,,,,
E2,28/11/2015,Southend,Wigan,,,,,,,,,
E2,28/11/2015,Walsall,Bradford,,,,,,,,,
E3,28/11/2015,Barnet,Mansfield,,,,,,,,,
E3,28/11/2015,Cambridge Utd,Notts County,,,,,,,,,
E3,28/11/2015,Carlisle,Crawley Town,,,,,,,,,
E3,28/11/2015,Dagenham & Red.,Plymouth,,,,,,,,,
E3,28/11/2015,Exeter,Bristol Rovers,,,,,,,,,
E3,28/11/2015,Hartlepool,Oxford Utd,,,,,,,,,
E3,28/11/2015,Leyton Orient,Wimbledon,,,,,,,,,
E3,28/11/2015,Newport,Luton,,,,,,,,,
E3,28/11/2015,Northampton,Yeovil,,,,,,,,,
E3,28/11/2015,Stevenage,Morecambe,,,,,,,,,
E3,28/11/2015,Wycombe,Portsmouth,,,,,,,,,
E3,28/11/2015,York,Accrington,,,,,,,,,
SC0,28/11/2015,Aberdeen,Ross County,,,,,,,,,
SC0,28/11/2015,Dundee Utd,Hamilton,,,,,,,,,
SC0,28/11/2015,Inverness,Celtic,,,,,,,,,
SC0,28/11/2015,Kilmarnock,Partick,,,,,,,,,
SC0,28/11/2015,Motherwell,Hearts,,,,,,,,,
SC0,28/11/2015,St. Johnstone,Dundee FC,,,,,,,,,
E0,05/12/2015,Arsenal,Sunderland,,,,,,,,,
E0,05/12/2015,Chelsea,Bournemouth,,,,,,,,,
E0,05/12/2015,Everton,Crystal Palace,,,,,,,,,
E0,05/12/2015,Manchester Utd,West Ham,,,,,,,,,
E0,05/12/2015,Newcastle,Liverpool,,,,,,,,,
E0,05/12/2015,Southampton,Aston Villa,,,,,,,,,
E0,05/12/2015,Stoke,Manchester City,,,,,,,,,
E0,05/12/2015,Swansea,Leicester,,,,,,,,,
E0,05/12/2015,Watford,Norwich,,,,,,,,,
E0,05/12/2015,West Brom,Tottenham,,,,,,,,,
E1,05/12/2015,Birmingham,Huddersfield,,,,,,,,,
E1,05/12/2015,Bolton,Cardiff,,,,,,,,,
E1,05/12/2015,Brentford,Milton Keynes,,,,,,,,,
E1,05/12/2015,Brighton,Charlton,,,,,,,,,
E1,05/12/2015,Bristol City,Blackburn,,,,,,,,,
E1,05/12/2015,Burnley,Preston,,,,,,,,,
E1,05/12/2015,Ipswich,Middlesbrough,,,,,,,,,
E1,05/12/2015,Leeds,Hull,,,,,,,,,
E1,05/12/2015,Nottingham,Fulham,,,,,,,,,
E1,05/12/2015,Reading,QPR,,,,,,,,,
E1,05/12/2015,Rotherham,Wolves,,,,,,,,,
E1,05/12/2015,Sheffield Wed,Derby,,,,,,,,,
SC0,05/12/2015,Celtic,Hamilton,,,,,,,,,
SC0,05/12/2015,Dundee FC,Aberdeen,,,,,,,,,
SC0,05/12/2015,Hearts,Inverness,,,,,,,,,
SC0,05/12/2015,Kilmarnock,Dundee Utd,,,,,,,,,
SC0,05/12/2015,Partick,Motherwell,,,,,,,,,
SC0,05/12/2015,Ross County,St. Johnstone,,,,,,,,,
E0,12/12/2015,Aston Villa,Arsenal,,,,,,,,,
E0,12/12/2015,Bournemouth,Manchester Utd,,,,,,,,,
E0,12/12/2015,Crystal Palace,Southampton,,,,,,,,,
E0,12/12/2015,Leicester,Chelsea,,,,,,,,,
E0,12/12/2015,Liverpool,West Brom,,,,,,,,,
E0,12/12/2015,Manchester City,Swansea,,,,,,,,,
E0,12/12/2015,Norwich,Everton,,,,,,,,,
E0,12/12/2015,Sunderland,Watford,,,,,,,,,
E0,12/12/2015,Tottenham,Newcastle,,,,,,,,,
E0,12/12/2015,West Ham,Stoke,,,,,,,,,
E1,12/12/2015,Blackburn,Rotherham,,,,,,,,,
E1,12/12/2015,Cardiff,Sheffield Wed,,,,,,,,,
E1,12/12/2015,Charlton,Leeds,,,,,,,,,
E1,12/12/2015,Derby,Brighton,,,,,,,,,
E1,12/12/2015,Fulham,Brentford,,,,,,,,,
E1,12/12/2015,Huddersfield,Bristol City,,,,,,,,,
E1,12/12/2015,Hull,Bolton,,,,,,,,,
E1,12/12/2015,Middlesbrough,Birmingham,,,,,,,,,
E1,12/12/2015,Milton Keynes,Ipswich,,,,,,,,,
E1,12/12/2015,Preston,Reading,,,,,,,,,
E1,12/12/2015,QPR,Burnley,,,,,,,,,
E1,12/12/2015,Wolves,Nottingham,,,,,,,,,
E2,12/12/2015,Bradford,Southend,,,,,,,,,
E2,12/12/2015,Bury,Chesterfield,,,,,,,,,
E2,12/12/2015,Colchester,Barnsley,,,,,,,,,
E2,12/12/2015,Doncaster,Crewe,,,,,,,,,
E2,12/12/2015,Fleetwood,Walsall,,,,,,,,,
E2,12/12/2015,Gillingham FC,Burton,,,,,,,,,
E2,12/12/2015,Oldham,Millwall,,,,,,,,,
E2,12/12/2015,Peterborough,Shrewsbury,,,,,,,,,
E2,12/12/2015,Port Vale,Scunthorpe,,,,,,,,,
E2,12/12/2015,Sheffield Utd,Coventry,,,,,,,,,
E2,12/12/2015,Swindon,Rochdale,,,,,,,,,
E2,12/12/2015,Wigan,Blackpool,,,,,,,,,
E3,12/12/2015,Accrington,Wycombe,,,,,,,,,
E3,12/12/2015,Bristol Rovers,York,,,,,,,,,
E3,12/12/2015,Crawley Town,Dagenham & Red.,,,,,,,,,
E3,12/12/2015,Luton,Northampton,,,,,,,,,
E3,12/12/2015,Mansfield,Leyton Orient,,,,,,,,,
E3,12/12/2015,Morecambe,Exeter,,,,,,,,,
E3,12/12/2015,Notts County,Newport,,,,,,,,,
E3,12/12/2015,Oxford Utd,Carlisle,,,,,,,,,
E3,12/12/2015,Plymouth,Cambridge Utd,,,,,,,,,
E3,12/12/2015,Portsmouth,Hartlepool,,,,,,,,,
E3,12/12/2015,Wimbledon,Stevenage,,,,,,,,,
E3,12/12/2015,Yeovil,Barnet,,,,,,,,,
SC0,12/12/2015,Aberdeen,Hearts,,,,,,,,,
SC0,12/12/2015,Dundee Utd,Partick,,,,,,,,,
SC0,12/12/2015,Hamilton,Ross County,,,,,,,,,
SC0,12/12/2015,Inverness,Kilmarnock,,,,,,,,,
SC0,12/12/2015,Motherwell,Dundee FC,,,,,,,,,
SC0,12/12/2015,St. Johnstone,Celtic,,,,,,,,,
E1,15/12/2015,Blackburn,Nottingham,,,,,,,,,
E1,15/12/2015,Cardiff,Brentford,,,,,,,,,
E1,15/12/2015,Charlton,Bolton,,,,,,,,,
E1,15/12/2015,Derby,Bristol City,,,,,,,,,
E1,15/12/2015,Fulham,Ipswich,,,,,,,,,
E1,15/12/2015,Huddersfield,Rotherham,,,,,,,,,
E1,15/12/2015,Hull,Reading,,,,,,,,,
E1,15/12/2015,Middlesbrough,Burnley,,,,,,,,,
E1,15/12/2015,Milton Keynes,Sheffield Wed,,,,,,,,,
E1,15/12/2015,Preston,Birmingham,,,,,,,,,
E1,15/12/2015,QPR,Brighton,,,,,,,,,
E1,15/12/2015,Wolves,Leeds,,,,,,,,,
E2,18/12/2015,Southend,Bury,,,,,,,,,
E0,19/12/2015,Arsenal,Manchester City,,,,,,,,,
E0,19/12/2015,Chelsea,Sunderland,,,,,,,,,
E0,19/12/2015,Everton,Leicester,,,,,,,,,
E0,19/12/2015,Manchester Utd,Norwich,,,,,,,,,
E0,19/12/2015,Newcastle,Aston Villa,,,,,,,,,
E0,19/12/2015,Southampton,Tottenham,,,,,,,,,
E0,19/12/2015,Stoke,Crystal Palace,,,,,,,,,
E0,19/12/2015,Swansea,West Ham,,,,,,,,,
E0,19/12/2015,Watford,Liverpool,,,,,,,,,
E0,19/12/2015,West Brom,Bournemouth,,,,,,,,,
E1,19/12/2015,Birmingham,Cardiff,,,,,,,,,
E1,19/12/2015,Bolton,Fulham,,,,,,,,,
E1,19/12/2015,Brentford,Huddersfield,,,,,,,,,
E1,19/12/2015,Brighton,Middlesbrough,,,,,,,,,
E1,19/12/2015,Bristol City,QPR,,,,,,,,,
E1,19/12/2015,Burnley,Charlton,,,,,,,,,
E1,19/12/2015,Ipswich,Derby,,,,,,,,,
E1,19/12/2015,Leeds,Preston,,,,,,,,,
E1,19/12/2015,Nottingham,Milton Keynes,,,,,,,,,
E1,19/12/2015,Reading,Blackburn,,,,,,,,,
E1,19/12/2015,Rotherham,Hull,,,,,,,,,
E1,19/12/2015,Sheffield Wed,Wolves,,,,,,,,,
E2,19/12/2015,Barnsley,Wigan,,,,,,,,,
E2,19/12/2015,Blackpool,Peterborough,,,,,,,,,
E2,19/12/2015,Burton,Doncaster,,,,,,,,,
E2,19/12/2015,Chesterfield,Bradford,,,,,,,,,
E2,19/12/2015,Coventry,Oldham,,,,,,,,,
E2,19/12/2015,Crewe,Fleetwood,,,,,,,,,
E2,19/12/2015,Millwall,Gillingham FC,,,,,,,,,
E2,19/12/2015,Rochdale,Colchester,,,,,,,,,
E2,19/12/2015,Scunthorpe,Sheffield Utd,,,,,,,,,
E2,19/12/2015,Shrewsbury,Swindon,,,,,,,,,
E2,19/12/2015,Walsall,Port Vale,,,,,,,,,
E3,19/12/2015,Barnet,Crawley Town,,,,,,,,,
E3,19/12/2015,Cambridge Utd,Mansfield,,,,,,,,,
E3,19/12/2015,Carlisle,Notts County,,,,,,,,,
E3,19/12/2015,Dagenham & Red.,Bristol Rovers,,,,,,,,,
E3,19/12/2015,Exeter,Luton,,,,,,,,,
E3,19/12/2015,Hartlepool,Plymouth,,,,,,,,,
E3,19/12/2015,Leyton Orient,Yeovil,,,,,,,,,
E3,19/12/2015,Newport,Wimbledon,,,,,,,,,
E3,19/12/2015,Northampton,Portsmouth,,,,,,,,,
E3,19/12/2015,Stevenage,Accrington,,,,,,,,,
E3,19/12/2015,Wycombe,Oxford Utd,,,,,,,,,
E3,19/12/2015,York,Morecambe,,,,,,,,,
SC0,19/12/2015,Celtic,Motherwell,,,,,,,,,
SC0,19/12/2015,Dundee FC,Hamilton,,,,,,,,,
SC0,19/12/2015,Inverness,Dundee Utd,,,,,,,,,
SC0,19/12/2015,Kilmarnock,Aberdeen,,,,,,,,,
SC0,19/12/2015,Partick,Ross County,,,,,,,,,
SC0,19/12/2015,St. Johnstone,Hearts,,,,,,,,,
E0,26/12/2015,Aston Villa,West Ham,,,,,,,,,
E0,26/12/2015,Bournemouth,Crystal Palace,,,,,,,,,
E0,26/12/2015,Chelsea,Watford,,,,,,,,,
E0,26/12/2015,Liverpool,Leicester,,,,,,,,,
E0,26/12/2015,Manchester City,Sunderland,,,,,,,,,
E0,26/12/2015,Newcastle,Everton,,,,,,,,,
E0,26/12/2015,Southampton,Arsenal,,,,,,,,,
E0,26/12/2015,Stoke,Manchester Utd,,,,,,,,,
E0,26/12/2015,Swansea,West Brom,,,,,,,,,
E0,26/12/2015,Tottenham,Norwich,,,,,,,,,
E1,26/12/2015,Blackburn,Middlesbrough,,,,,,,,,
E1,26/12/2015,Brentford,Brighton,,,,,,,,,
E1,26/12/2015,Bristol City,Charlton,,,,,,,,,
E1,26/12/2015,Derby,Fulham,,,,,,,,,
E1,26/12/2015,Huddersfield,Preston,,,,,,,,,
E1,26/12/2015,Hull,Burnley,,,,,,,,,
E1,26/12/2015,Ipswich,QPR,,,,,,,,,
E1,26/12/2015,Milton Keynes,Cardiff,,,,,,,,,
E1,26/12/2015,Nottingham,Leeds,,,,,,,,,
E1,26/12/2015,Rotherham,Bolton,,,,,,,,,
E1,26/12/2015,Sheffield Wed,Birmingham,,,,,,,,,
E1,26/12/2015,Wolves,Reading,,,,,,,,,
E2,26/12/2015,Blackpool,Oldham,,,,,,,,,
E2,26/12/2015,Bradford,Burton,,,,,,,,,
E2,26/12/2015,Bury,Barnsley,,,,,,,,,
E2,26/12/2015,Colchester,Southend,,,,,,,,,
E2,26/12/2015,Coventry,Port Vale,,,,,,,,,
E2,26/12/2015,Doncaster,Scunthorpe,,,,,,,,,
E2,26/12/2015,Millwall,Walsall,,,,,,,,,
E2,26/12/2015,Peterborough,Chesterfield,,,,,,,,,
E2,26/12/2015,Rochdale,Crewe,,,,,,,,,
E2,26/12/2015,Shrewsbury,Fleetwood,,,,,,,,,
E2,26/12/2015,Swindon,Gillingham FC,,,,,,,,,
E2,26/12/2015,Wigan,Sheffield Utd,,,,,,,,,
E3,26/12/2015,Dagenham & Red.,Cambridge Utd,,,,,,,,,
E3,26/12/2015,Accrington,Carlisle,,,,,,,,,
E3,26/12/2015,Barnet,Newport,,,,,,,,,
E3,26/12/2015,Crawley Town,Stevenage,,,,,,,,,
E3,26/12/2015,Hartlepool,Notts County,,,,,,,,,
E3,26/12/2015,Leyton Orient,Portsmouth,,,,,,,,,
E3,26/12/2015,Luton,Wycombe,,,,,,,,,
E3,26/12/2015,Morecambe,Mansfield,,,,,,,,,
E3,26/12/2015,Oxford Utd,Exeter,,,,,,,,,
E3,26/12/2015,Plymouth,Yeovil,,,,,,,,,
E3,26/12/2015,Wimbledon,Bristol Rovers,,,,,,,,,
E3,26/12/2015,York,Northampton,,,,,,,,,
SC0,26/12/2015,Aberdeen,Inverness,,,,,,,,,
SC0,26/12/2015,Dundee Utd,Motherwell,,,,,,,,,
SC0,26/12/2015,Hamilton,Kilmarnock,,,,,,,,,
SC0,26/12/2015,Hearts,Celtic,,,,,,,,,
SC0,26/12/2015,Partick,St. Johnstone,,,,,,,,,
SC0,26/12/2015,Ross County,Dundee FC,,,,,,,,,
E0,28/12/2015,Arsenal,Bournemouth,,,,,,,,,
E0,28/12/2015,Crystal Palace,Swansea,,,,,,,,,
E0,28/12/2015,Everton,Stoke,,,,,,,,,
E0,28/12/2015,Leicester,Manchester City,,,,,,,,,
E0,28/12/2015,Manchester Utd,Chelsea,,,,,,,,,
E0,28/12/2015,Norwich,Aston Villa,,,,,,,,,
E0,28/12/2015,Sunderland,Liverpool,,,,,,,,,
E0,28/12/2015,Watford,Tottenham,,,,,,,,,
E0,28/12/2015,West Brom,Newcastle,,,,,,,,,
E0,28/12/2015,West Ham,Southampton,,,,,,,,,
E1,28/12/2015,Birmingham,Milton Keynes,,,,,,,,,
E1,28/12/2015,Bolton,Blackburn,,,,,,,,,
E1,28/12/2015,Burnley,Bristol City,,,,,,,,,
E1,28/12/2015,Cardiff,Nottingham,,,,,,,,,
E1,28/12/2015,Charlton,Wolves,,,,,,,,,
E1,28/12/2015,Leeds,Derby,,,,,,,,,
E1,28/12/2015,Middlesbrough,Sheffield Wed,,,,,,,,,
E1,28/12/2015,Preston,Hull,,,,,,,,,
E1,28/12/2015,QPR,Huddersfield,,,,,,,,,
E1,28/12/2015,Reading,Brentford,,,,,,,,,
E2,28/12/2015,Southend,Millwall,,,,,,,,,
E2,28/12/2015,Barnsley,Blackpool,,,,,,,,,
E2,28/12/2015,Burton,Swindon,,,,,,,,,
E2,28/12/2015,Chesterfield,Coventry,,,,,,,,,
E2,28/12/2015,Crewe,Shrewsbury,,,,,,,,,
E2,28/12/2015,Fleetwood,Wigan,,,,,,,,,
E2,28/12/2015,Gillingham FC,Colchester,,,,,,,,,
E2,28/12/2015,Oldham,Doncaster,,,,,,,,,
E2,28/12/2015,Port Vale,Bury,,,,,,,,,
E2,28/12/2015,Scunthorpe,Rochdale,,,,,,,,,
E2,28/12/2015,Sheffield Utd,Bradford,,,,,,,,,
E2,28/12/2015,Walsall,Peterborough,,,,,,,,,
E3,28/12/2015,Carlisle,Hartlepool,,,,,,,,,
E3,28/12/2015,Bristol Rovers,Leyton Orient,,,,,,,,,
E3,28/12/2015,Cambridge Utd,Barnet,,,,,,,,,
E3,28/12/2015,Exeter,Wimbledon,,,,,,,,,
E3,28/12/2015,Mansfield,York,,,,,,,,,
E3,28/12/2015,Newport,Plymouth,,,,,,,,,
E3,28/12/2015,Northampton,Accrington,,,,,,,,,
E3,28/12/2015,Notts County,Morecambe,,,,,,,,,
E3,28/12/2015,Portsmouth,Luton,,,,,,,,,
E3,28/12/2015,Stevenage,Dagenham & Red.,,,,,,,,,
E3,28/12/2015,Wycombe,Crawley Town,,,,,,,,,
E3,28/12/2015,Yeovil,Oxford Utd,,,,,,,,,
E1,29/12/2015,Brighton,Ipswich,,,,,,,,,
E1,29/12/2015,Fulham,Rotherham,,,,,,,,,
SC0,30/12/2015,Aberdeen,Partick,,,,,,,,,
SC0,30/12/2015,Dundee FC,Celtic,,,,,,,,,
SC0,30/12/2015,Hamilton,Inverness,,,,,,,,,
SC0,30/12/2015,Hearts,Dundee Utd,,,,,,,,,
SC0,30/12/2015,Motherwell,St. Johnstone,,,,,,,,,
SC0,30/12/2015,Ross County,Kilmarnock